"","date","yn","day","night","dd","month","year"
"1",2015-08-01,1,1,0,1,8,2015
"2",2015-08-02,0,0,0,0,8,2015
"3",2015-08-03,1,1,0,0,8,2015
"4",2015-08-04,0,0,0,0,8,2015
"5",2015-08-05,0,0,0,0,8,2015
"6",2015-08-06,1,1,0,0,8,2015
"7",2015-08-07,1,1,0,1,8,2015
"8",2015-08-08,0,0,0,0,8,2015
"9",2015-08-09,0,0,0,0,8,2015
"10",2015-08-10,1,1,0,0,8,2015
"11",2015-08-11,0,0,0,0,8,2015
"12",2015-08-12,0,0,0,0,8,2015
"13",2015-08-13,0,0,0,0,8,2015
"14",2015-08-14,0,0,0,0,8,2015
"15",2015-08-15,0,0,0,0,8,2015
"16",2015-08-17,1,1,0,0,8,2015
"17",2015-08-18,0,0,0,0,8,2015
"18",2015-08-19,0,0,0,0,8,2015
"19",2015-08-20,1,1,0,0,8,2015
"20",2015-08-21,0,0,0,0,8,2015
"21",2015-08-22,1,1,0,1,8,2015
"22",2015-08-23,1,1,0,1,8,2015
"23",2015-08-24,0,0,0,0,8,2015
"24",2015-08-25,0,0,0,0,8,2015
"25",2015-08-26,0,0,0,0,8,2015
"26",2015-08-27,1,1,0,1,8,2015
"27",2015-08-28,0,0,0,0,8,2015
"28",2015-08-29,0,0,0,0,8,2015
"29",2015-08-30,0,0,0,0,8,2015
"30",2015-08-31,0,0,0,0,8,2015
"31",2015-09-01,1,1,0,0,9,2015
"32",2015-09-02,0,0,0,0,9,2015
"33",2015-09-03,0,0,0,0,9,2015
"34",2015-09-04,0,0,0,0,9,2015
"35",2015-09-05,0,0,0,0,9,2015
"36",2015-09-06,0,0,0,0,9,2015
"37",2015-09-07,0,0,0,0,9,2015
"38",2015-09-08,0,0,0,0,9,2015
"39",2015-09-09,0,0,0,0,9,2015
"40",2015-09-10,0,0,0,0,9,2015
"41",2015-09-11,0,0,0,0,9,2015
"42",2015-09-12,0,0,0,0,9,2015
"43",2015-09-13,0,0,0,0,9,2015
"44",2015-09-14,0,0,0,0,9,2015
"45",2015-09-15,0,0,0,0,9,2015
"46",2015-09-16,0,0,0,0,9,2015
"47",2015-09-17,0,0,0,0,9,2015
"48",2015-09-18,0,0,0,0,9,2015
"49",2015-09-19,0,0,0,0,9,2015
"50",2015-09-20,0,0,0,0,9,2015
"51",2015-09-21,0,0,0,0,9,2015
"52",2015-09-22,0,0,0,0,9,2015
"53",2015-09-23,0,0,0,0,9,2015
"54",2015-09-24,1,1,0,0,9,2015
"55",2015-09-25,1,0,0,1,9,2015
"56",2015-09-26,0,0,0,0,9,2015
"57",2015-09-27,1,0,0,1,9,2015
"58",2015-09-28,1,1,0,0,9,2015
"59",2015-09-29,1,1,0,1,9,2015
"60",2015-09-30,0,0,0,0,9,2015
"61",2015-10-01,1,1,0,1,10,2015
"62",2015-10-02,1,1,0,0,10,2015
"63",2015-10-03,1,1,0,1,10,2015
"64",2015-10-04,1,1,0,1,10,2015
"65",2015-10-05,1,1,0,1,10,2015
"66",2015-10-06,1,1,0,1,10,2015
"67",2015-10-07,0,0,0,0,10,2015
"68",2015-10-08,0,0,0,0,10,2015
"69",2015-10-09,1,1,0,0,10,2015
"70",2015-10-10,0,0,0,0,10,2015
"71",2015-10-11,0,0,0,0,10,2015
"72",2015-10-12,0,0,0,0,10,2015
"73",2015-10-13,1,1,0,0,10,2015
"74",2015-10-14,1,1,0,0,10,2015
"75",2015-10-15,0,0,0,0,10,2015
"76",2015-10-16,0,0,0,0,10,2015
"77",2015-10-17,0,0,0,0,10,2015
"78",2015-10-19,0,0,0,0,10,2015
"79",2015-10-20,1,1,0,0,10,2015
"80",2015-10-21,0,0,0,0,10,2015
"81",2015-10-22,1,1,0,0,10,2015
"82",2015-10-23,1,1,0,1,10,2015
"83",2015-10-24,0,0,0,0,10,2015
"84",2015-10-25,0,0,0,0,10,2015
"85",2015-10-26,1,1,0,1,10,2015
"86",2015-10-27,0,0,0,0,10,2015
"87",2015-10-28,1,0,0,1,10,2015
"88",2015-10-29,0,0,0,0,10,2015
"89",2015-10-30,0,0,0,0,10,2015
"90",2015-10-31,1,1,0,0,10,2015
"91",2015-11-01,1,1,0,1,11,2015
"92",2015-11-02,0,0,0,0,11,2015
"93",2015-11-03,0,0,0,0,11,2015
"94",2015-11-04,0,0,0,0,11,2015
"95",2015-11-05,0,0,0,0,11,2015
"96",2015-11-06,0,0,0,0,11,2015
"97",2015-11-07,0,0,0,0,11,2015
"98",2015-11-08,1,1,0,0,11,2015
"99",2015-11-09,0,0,0,0,11,2015
"100",2015-11-10,0,0,0,0,11,2015
"101",2015-11-11,1,1,0,0,11,2015
"102",2015-11-12,1,1,0,1,11,2015
"103",2015-11-13,1,1,0,1,11,2015
"104",2015-11-14,1,1,0,0,11,2015
"105",2015-11-16,0,0,0,0,11,2015
"106",2015-11-17,0,0,0,0,11,2015
"107",2015-11-18,0,0,0,0,11,2015
"108",2015-11-19,0,0,0,0,11,2015
"109",2015-11-20,1,1,0,1,11,2015
"110",2015-11-21,0,0,0,0,11,2015
"111",2015-11-22,1,1,0,0,11,2015
"112",2015-11-23,1,1,0,1,11,2015
"113",2015-11-24,1,0,0,1,11,2015
"114",2015-11-25,1,1,0,1,11,2015
"115",2015-11-26,1,1,0,1,11,2015
"116",2015-11-27,1,1,0,1,11,2015
"117",2015-11-28,1,1,0,1,11,2015
"118",2015-11-29,1,1,0,1,11,2015
"119",2015-11-30,1,1,0,1,11,2015
"120",2015-12-01,1,1,0,1,12,2015
"121",2015-12-02,1,1,0,1,12,2015
"122",2015-12-03,0,0,0,0,12,2015
"123",2015-12-04,1,1,0,1,12,2015
"124",2015-12-05,1,1,0,1,12,2015
"125",2015-12-06,1,1,0,1,12,2015
"126",2015-12-07,1,1,0,1,12,2015
"127",2015-12-08,1,1,0,1,12,2015
"128",2015-12-09,1,1,0,1,12,2015
"129",2015-12-10,1,1,0,1,12,2015
"130",2015-12-11,1,1,0,0,12,2015
"131",2015-12-12,1,1,0,1,12,2015
"132",2015-12-13,1,1,0,1,12,2015
"133",2015-12-14,1,1,0,1,12,2015
"134",2015-12-15,0,0,0,0,12,2015
"135",2015-12-16,1,1,0,1,12,2015
"136",2015-12-17,1,1,0,1,12,2015
"137",2015-12-18,0,0,0,0,12,2015
"138",2015-12-19,0,0,0,0,12,2015
"139",2015-12-20,0,0,0,0,12,2015
"140",2015-12-21,0,0,0,0,12,2015
"141",2015-12-22,0,0,0,0,12,2015
"142",2015-12-23,0,0,0,0,12,2015
"143",2015-12-24,0,0,0,0,12,2015
"144",2015-12-25,0,0,0,0,12,2015
"145",2015-12-26,0,0,0,0,12,2015
"146",2015-12-27,1,1,0,0,12,2015
"147",2015-12-28,1,0,0,1,12,2015
"148",2015-12-29,1,1,0,0,12,2015
"149",2015-12-30,1,1,0,1,12,2015
"150",2015-12-31,1,0,0,1,12,2015
"151",2016-01-01,0,0,0,0,1,2016
"152",2016-01-02,0,0,0,0,1,2016
"153",2016-01-03,0,0,0,0,1,2016
"154",2016-01-04,1,0,0,1,1,2016
"155",2016-01-05,0,0,0,0,1,2016
"156",2016-01-06,0,0,0,0,1,2016
"157",2016-01-07,0,0,0,0,1,2016
"158",2016-01-08,1,0,0,1,1,2016
"159",2016-01-09,0,0,0,0,1,2016
"160",2016-01-10,0,0,0,0,1,2016
"161",2016-01-11,1,1,0,0,1,2016
"162",2016-01-12,1,1,0,1,1,2016
"163",2016-01-13,0,0,0,0,1,2016
"164",2016-01-14,0,0,0,0,1,2016
"165",2016-01-15,0,0,0,0,1,2016
"166",2016-01-16,0,0,0,0,1,2016
"167",2016-01-17,0,0,0,0,1,2016
"168",2016-01-18,1,1,0,0,1,2016
"169",2016-01-19,1,0,0,1,1,2016
"170",2016-01-20,1,1,0,1,1,2016
"171",2016-01-23,0,0,0,0,1,2016
"172",2016-01-24,1,1,0,0,1,2016
"173",2016-01-25,1,1,0,0,1,2016
"174",2016-01-26,1,1,0,0,1,2016
"175",2016-01-27,1,1,0,1,1,2016
"176",2016-01-28,1,1,0,1,1,2016
"177",2016-01-29,1,1,0,1,1,2016
"178",2016-01-30,1,1,0,1,1,2016
"179",2016-01-31,1,1,0,1,1,2016
"180",2016-02-01,0,0,0,0,2,2016
"181",2016-02-02,1,1,0,1,2,2016
"182",2016-02-03,0,0,0,0,2,2016
"183",2016-02-09,1,1,0,1,2,2016
"184",2016-02-10,1,1,0,0,2,2016
"185",2016-02-11,1,1,0,0,2,2016
"186",2016-02-12,1,1,0,1,2,2016
"187",2016-02-14,1,1,0,0,2,2016
"188",2016-02-15,1,1,0,1,2,2016
"189",2016-02-16,1,1,0,1,2,2016
"190",2016-02-17,1,0,0,1,2,2016
"191",2016-02-18,0,0,0,0,2,2016
"192",2016-02-19,1,1,0,1,2,2016
"193",2016-02-20,1,1,0,0,2,2016
"194",2016-02-21,1,1,0,1,2,2016
"195",2016-02-22,1,1,0,1,2,2016
"196",2016-02-23,1,1,0,1,2,2016
"197",2016-02-24,1,1,0,1,2,2016
"198",2016-02-25,1,1,0,1,2,2016
"199",2016-02-26,1,1,0,1,2,2016
"200",2016-02-27,1,1,0,1,2,2016
"201",2016-02-28,1,1,0,0,2,2016
"202",2016-02-29,1,1,0,0,2,2016
"203",2016-03-01,1,1,0,0,3,2016
"204",2016-03-02,1,1,0,1,3,2016
"205",2016-03-03,1,1,0,1,3,2016
"206",2016-03-04,1,1,0,0,3,2016
"207",2016-03-05,0,0,0,0,3,2016
"208",2016-03-06,1,1,0,0,3,2016
"209",2016-03-07,0,0,0,0,3,2016
"210",2016-03-08,0,0,0,0,3,2016
"211",2016-03-09,1,0,0,1,3,2016
"212",2016-03-10,1,0,0,1,3,2016
"213",2016-03-11,0,0,0,0,3,2016
"214",2016-03-12,1,1,0,1,3,2016
"215",2016-03-13,1,1,0,0,3,2016
"216",2016-03-14,0,0,0,0,3,2016
"217",2016-03-15,0,0,0,0,3,2016
"218",2016-03-16,0,0,0,0,3,2016
"219",2016-03-17,1,1,0,0,3,2016
"220",2016-03-18,0,0,0,0,3,2016
"221",2016-03-19,1,1,0,1,3,2016
"222",2016-03-20,1,1,0,1,3,2016
"223",2016-03-21,0,0,0,0,3,2016
"224",2016-03-22,0,0,0,0,3,2016
"225",2016-03-23,1,1,0,1,3,2016
"226",2016-03-24,1,1,0,1,3,2016
"227",2016-03-25,0,0,0,0,3,2016
"228",2016-03-26,0,0,0,0,3,2016
"229",2016-03-27,0,0,0,0,3,2016
"230",2016-03-28,0,0,0,0,3,2016
"231",2016-03-29,1,1,0,0,3,2016
"232",2016-03-30,1,1,0,1,3,2016
"233",2016-03-31,1,1,0,1,3,2016
"234",2016-04-01,0,0,0,0,4,2016
"235",2016-04-02,1,1,0,0,4,2016
"236",2016-04-03,1,1,0,1,4,2016
"237",2016-04-04,0,0,0,0,4,2016
"238",2016-04-05,1,1,0,1,4,2016
"239",2016-04-06,0,0,0,0,4,2016
"240",2016-04-07,1,1,0,0,4,2016
"241",2016-04-08,1,1,0,1,4,2016
"242",2016-04-09,1,1,0,1,4,2016
"243",2016-04-10,1,1,0,1,4,2016
"244",2016-04-11,1,1,0,1,4,2016
"245",2016-04-12,1,1,0,1,4,2016
"246",2016-04-13,1,1,0,1,4,2016
"247",2016-04-14,0,0,0,0,4,2016
"248",2016-04-15,0,0,0,0,4,2016
"249",2016-04-16,1,1,0,0,4,2016
"250",2016-04-17,1,1,0,1,4,2016
"251",2016-04-18,1,0,0,1,4,2016
"252",2016-04-19,1,1,0,1,4,2016
"253",2016-04-20,1,1,0,0,4,2016
"254",2016-04-21,1,1,0,1,4,2016
"255",2016-04-22,1,1,0,1,4,2016
"256",2016-04-23,0,0,0,0,4,2016
"257",2016-04-24,0,0,0,0,4,2016
"258",2016-04-25,0,0,0,0,4,2016
"259",2016-04-26,0,0,0,0,4,2016
"260",2016-04-27,1,1,0,1,4,2016
"261",2016-04-28,0,0,0,0,4,2016
"262",2016-04-29,0,0,0,0,4,2016
"263",2016-04-30,1,1,0,0,4,2016
"264",2016-05-01,1,1,0,1,5,2016
"265",2016-05-02,1,1,0,1,5,2016
"266",2016-05-03,0,0,0,0,5,2016
"267",2016-05-04,1,1,0,0,5,2016
"268",2016-05-05,1,1,0,1,5,2016
"269",2016-05-06,0,0,0,0,5,2016
"270",2016-05-07,1,0,0,1,5,2016
"271",2016-05-08,1,1,0,0,5,2016
"272",2016-05-09,1,1,0,1,5,2016
"273",2016-05-10,1,1,0,1,5,2016
"274",2016-05-11,1,1,0,0,5,2016
"275",2016-05-12,1,1,0,1,5,2016
"276",2016-05-13,1,1,0,1,5,2016
"277",2016-05-14,1,1,0,1,5,2016
"278",2016-05-15,1,1,0,0,5,2016
"279",2016-05-16,0,0,0,0,5,2016
"280",2016-05-17,1,1,0,0,5,2016
"281",2016-05-18,1,1,0,0,5,2016
"282",2016-05-19,0,0,0,0,5,2016
"283",2016-05-20,0,0,0,0,5,2016
"284",2016-05-21,1,1,0,1,5,2016
"285",2016-05-22,1,1,0,1,5,2016
"286",2016-05-23,1,1,0,0,5,2016
"287",2016-05-24,1,1,0,1,5,2016
"288",2016-05-25,1,1,0,1,5,2016
"289",2016-05-26,1,0,0,1,5,2016
"290",2016-05-27,1,0,0,1,5,2016
"291",2016-05-28,1,1,0,0,5,2016
"292",2016-05-29,1,1,0,1,5,2016
"293",2016-05-30,1,1,0,1,5,2016
"294",2016-05-31,1,1,0,1,5,2016
"295",2016-06-01,1,1,0,1,6,2016
"296",2016-06-02,1,1,0,1,6,2016
"297",2016-06-03,1,1,0,0,6,2016
"298",2016-06-06,0,0,0,0,6,2016
"299",2016-06-08,1,1,0,0,6,2016
"300",2016-06-09,0,0,0,0,6,2016
"301",2016-06-10,0,0,0,0,6,2016
"302",2016-06-11,1,1,0,0,6,2016
"303",2016-06-12,1,1,0,1,6,2016
"304",2016-06-13,1,0,0,1,6,2016
"305",2016-06-14,0,0,0,0,6,2016
"306",2016-06-15,1,1,0,0,6,2016
"307",2016-06-16,1,1,0,1,6,2016
"308",2016-06-17,1,1,0,1,6,2016
"309",2016-06-18,0,0,0,0,6,2016
"310",2016-06-19,0,0,0,0,6,2016
"311",2016-06-20,0,0,0,0,6,2016
"312",2016-06-21,0,0,0,0,6,2016
"313",2016-06-22,0,0,0,0,6,2016
"314",2016-06-23,0,0,0,0,6,2016
"315",2016-06-24,0,0,0,0,6,2016
"316",2016-06-25,0,0,0,0,6,2016
"317",2016-06-26,0,0,0,0,6,2016
"318",2016-06-27,0,0,0,0,6,2016
"319",2016-06-28,0,0,0,0,6,2016
"320",2016-06-29,0,0,0,0,6,2016
"321",2016-06-30,1,1,0,0,6,2016
"322",2016-07-01,1,1,0,0,7,2016
"323",2016-07-02,1,1,0,1,7,2016
"324",2016-07-03,1,1,0,1,7,2016
"325",2016-07-04,1,0,0,1,7,2016
"326",2016-07-05,0,0,0,0,7,2016
"327",2016-07-06,0,0,0,0,7,2016
"328",2016-07-07,0,0,0,0,7,2016
"329",2016-07-08,1,1,0,0,7,2016
"330",2016-07-09,1,1,0,0,7,2016
"331",2016-07-10,1,1,0,0,7,2016
"332",2016-07-11,0,0,0,0,7,2016
"333",2016-07-12,0,0,0,0,7,2016
"334",2016-07-13,0,0,0,0,7,2016
"335",2016-07-14,0,0,0,0,7,2016
"336",2016-07-15,0,0,0,0,7,2016
"337",2016-07-16,1,1,0,1,7,2016
"338",2016-07-17,1,1,0,0,7,2016
"339",2016-07-18,1,1,0,0,7,2016
"340",2016-07-19,0,0,0,0,7,2016
"341",2016-07-20,0,0,0,0,7,2016
"342",2016-07-21,0,0,0,0,7,2016
"343",2016-07-22,1,0,0,1,7,2016
"344",2016-07-23,0,0,0,0,7,2016
"345",2016-07-24,0,0,0,0,7,2016
"346",2016-07-25,1,1,0,0,7,2016
"347",2016-07-26,1,1,0,0,7,2016
"348",2016-07-27,1,1,0,1,7,2016
"349",2016-07-28,1,1,0,1,7,2016
"350",2016-07-29,0,0,0,0,7,2016
"351",2016-07-30,0,0,0,0,7,2016
"352",2016-07-31,0,0,0,0,7,2016
"353",2016-08-01,1,1,0,1,8,2016
"354",2016-08-02,1,1,0,1,8,2016
"355",2016-08-03,1,1,0,1,8,2016
"356",2016-08-04,1,1,0,1,8,2016
"357",2016-08-05,1,0,0,1,8,2016
"358",2016-08-06,1,1,0,1,8,2016
"359",2016-08-07,1,1,0,0,8,2016
"360",2016-08-08,0,0,0,0,8,2016
"361",2016-08-09,0,0,0,0,8,2016
"362",2016-08-10,1,1,0,0,8,2016
"363",2016-08-11,1,1,0,1,8,2016
"364",2016-08-12,1,1,0,1,8,2016
"365",2016-08-13,0,0,0,0,8,2016
"366",2016-08-14,0,0,0,0,8,2016
"367",2016-08-15,1,1,0,0,8,2016
"368",2016-08-16,1,1,0,1,8,2016
"369",2016-08-17,1,1,0,0,8,2016
"370",2016-08-18,1,1,0,0,8,2016
"371",2016-08-19,0,0,0,0,8,2016
"372",2016-08-22,0,0,0,0,8,2016
"373",2016-08-23,0,0,0,0,8,2016
"374",2016-08-24,0,0,0,0,8,2016
"375",2016-08-25,0,0,0,0,8,2016
"376",2016-08-26,0,0,0,0,8,2016
"377",2016-08-27,1,1,0,1,8,2016
"378",2016-08-28,1,1,0,1,8,2016
"379",2016-08-29,0,0,0,0,8,2016
"380",2016-08-30,0,0,0,0,8,2016
"381",2016-08-31,1,0,0,1,8,2016
"382",2016-09-01,0,0,0,0,9,2016
"383",2016-09-02,1,1,0,1,9,2016
"384",2016-09-03,1,1,0,0,9,2016
"385",2016-09-04,1,1,0,0,9,2016
"386",2016-09-06,0,0,0,0,9,2016
"387",2016-09-07,1,1,0,0,9,2016
"388",2016-09-08,1,1,0,1,9,2016
"389",2016-09-09,1,1,0,1,9,2016
"390",2016-09-10,1,1,0,0,9,2016
"391",2016-09-11,1,1,0,1,9,2016
"392",2016-09-12,1,1,0,1,9,2016
"393",2016-09-13,1,1,0,1,9,2016
"394",2016-09-14,1,1,0,1,9,2016
"395",2016-09-15,1,1,0,1,9,2016
"396",2016-09-16,0,0,0,0,9,2016
"397",2016-09-17,0,0,0,0,9,2016
"398",2016-09-18,0,0,0,0,9,2016
"399",2016-09-19,0,0,0,0,9,2016
"400",2016-09-20,1,1,0,0,9,2016
"401",2016-09-21,0,0,0,0,9,2016
"402",2016-09-22,0,0,0,0,9,2016
"403",2016-09-23,0,0,0,0,9,2016
"404",2016-09-24,1,1,0,1,9,2016
"405",2016-09-25,0,0,0,0,9,2016
"406",2016-09-26,1,1,0,0,9,2016
"407",2016-09-27,1,1,0,1,9,2016
"408",2016-09-28,1,1,0,1,9,2016
"409",2016-09-29,1,1,0,1,9,2016
"410",2016-09-30,1,0,0,1,9,2016
"411",2016-10-01,1,1,0,1,10,2016
"412",2016-10-02,1,1,0,1,10,2016
"413",2016-10-03,1,1,0,1,10,2016
"414",2016-10-04,1,0,0,1,10,2016
"415",2016-10-05,1,1,0,1,10,2016
"416",2016-10-06,1,1,0,1,10,2016
"417",2016-10-07,1,1,0,1,10,2016
"418",2016-10-08,1,1,0,1,10,2016
"419",2016-10-09,1,1,0,1,10,2016
"420",2016-10-10,1,1,0,1,10,2016
"421",2016-10-11,1,1,0,1,10,2016
"422",2016-10-12,1,1,0,1,10,2016
"423",2016-10-13,1,1,0,1,10,2016
"424",2016-10-14,1,1,0,1,10,2016
"425",2016-10-15,1,1,0,1,10,2016
"426",2016-10-16,1,1,0,0,10,2016
"427",2016-10-17,1,1,0,1,10,2016
"428",2016-10-18,1,1,0,1,10,2016
"429",2016-10-19,1,1,0,0,10,2016
"430",2016-10-20,1,1,0,1,10,2016
"431",2016-10-21,1,0,0,1,10,2016
"432",2016-10-22,1,1,0,1,10,2016
"433",2016-10-23,1,0,0,1,10,2016
"434",2016-10-29,1,1,0,0,10,2016
"435",2016-10-30,1,0,0,1,10,2016
"436",2016-10-31,1,1,0,1,10,2016
"437",2016-11-01,1,1,0,1,11,2016
"438",2016-11-02,1,1,0,1,11,2016
"439",2016-11-03,1,1,0,1,11,2016
"440",2016-11-04,1,1,0,1,11,2016
"441",2016-11-05,1,1,0,1,11,2016
"442",2016-11-06,1,1,0,1,11,2016
"443",2016-11-07,1,1,0,1,11,2016
"444",2016-11-08,0,0,0,0,11,2016
"445",2016-11-09,1,1,0,0,11,2016
"446",2016-11-10,0,0,0,0,11,2016
"447",2016-11-11,0,0,0,0,11,2016
"448",2016-11-12,1,1,0,1,11,2016
"449",2016-11-13,0,0,0,0,11,2016
"450",2016-11-14,1,1,0,1,11,2016
"451",2016-11-15,1,1,0,1,11,2016
"452",2016-11-16,1,1,0,1,11,2016
"453",2016-11-17,1,1,0,0,11,2016
"454",2016-11-18,1,1,0,1,11,2016
"455",2016-11-19,0,0,0,0,11,2016
"456",2016-11-20,1,1,0,0,11,2016
"457",2016-11-21,1,1,0,1,11,2016
"458",2016-11-22,0,0,0,0,11,2016
"459",2016-11-23,1,1,0,0,11,2016
"460",2016-11-24,1,1,0,0,11,2016
"461",2016-11-25,1,1,0,1,11,2016
"462",2016-11-26,0,0,0,0,11,2016
"463",2016-11-27,0,0,0,0,11,2016
"464",2016-11-28,1,1,0,1,11,2016
"465",2016-11-29,1,1,0,0,11,2016
"466",2016-11-30,0,0,0,0,11,2016
"467",2016-12-01,0,0,0,0,12,2016
"468",2016-12-02,0,0,0,0,12,2016
"469",2016-12-03,1,0,0,1,12,2016
"470",2016-12-04,1,1,0,0,12,2016
"471",2016-12-05,0,0,0,0,12,2016
"472",2016-12-06,0,0,0,0,12,2016
"473",2016-12-07,1,1,0,0,12,2016
"474",2016-12-08,0,0,0,0,12,2016
"475",2016-12-09,0,0,0,0,12,2016
"476",2016-12-10,0,0,0,0,12,2016
"477",2016-12-11,0,0,0,0,12,2016
"478",2016-12-12,0,0,0,0,12,2016
"479",2016-12-13,0,0,0,0,12,2016
"480",2016-12-14,0,0,0,0,12,2016
"481",2016-12-15,0,0,0,0,12,2016
"482",2016-12-16,1,0,0,1,12,2016
"483",2016-12-17,0,0,0,0,12,2016
"484",2016-12-18,0,0,0,0,12,2016
"485",2016-12-19,0,0,0,0,12,2016
"486",2016-12-20,1,1,0,0,12,2016
"487",2016-12-21,1,1,0,0,12,2016
"488",2016-12-22,1,1,0,1,12,2016
"489",2016-12-23,1,0,0,1,12,2016
"490",2016-12-24,1,0,0,1,12,2016
"491",2016-12-25,1,1,0,0,12,2016
"492",2016-12-26,0,0,0,0,12,2016
"493",2016-12-27,1,1,0,1,12,2016
"494",2016-12-28,1,1,0,1,12,2016
"495",2016-12-29,1,1,0,1,12,2016
"496",2016-12-30,0,0,0,0,12,2016
"497",2016-12-31,1,1,0,0,12,2016
"498",2017-01-01,1,1,0,1,1,2017
"499",2017-01-02,0,0,0,0,1,2017
"500",2017-01-03,0,0,0,0,1,2017
"501",2017-01-04,0,0,0,0,1,2017
"502",2017-01-05,0,0,0,0,1,2017
"503",2017-01-06,0,0,0,0,1,2017
"504",2017-01-07,0,0,0,0,1,2017
"505",2017-01-08,0,0,0,0,1,2017
"506",2017-01-09,1,1,0,1,1,2017
"507",2017-01-10,1,1,0,1,1,2017
"508",2017-01-11,0,0,0,0,1,2017
"509",2017-01-12,0,0,0,0,1,2017
"510",2017-01-13,1,0,0,1,1,2017
"511",2017-01-14,0,0,0,0,1,2017
"512",2017-01-15,1,1,0,0,1,2017
"513",2017-01-16,1,1,0,0,1,2017
"514",2017-01-17,1,1,0,0,1,2017
"515",2017-01-18,1,1,0,1,1,2017
"516",2017-01-19,0,0,0,0,1,2017
"517",2017-01-20,1,1,0,1,1,2017
"518",2017-01-21,0,0,0,0,1,2017
"519",2017-01-22,0,0,0,0,1,2017
"520",2017-01-23,1,0,0,1,1,2017
"521",2017-01-25,1,1,0,0,1,2017
"522",2017-01-26,1,1,0,1,1,2017
"523",2017-01-27,1,1,0,1,1,2017
"524",2017-01-28,0,0,0,0,1,2017
"525",2017-01-29,0,0,0,0,1,2017
"526",2017-01-30,1,1,0,1,1,2017
"527",2017-01-31,0,0,0,0,1,2017
"528",2017-02-01,0,0,0,0,2,2017
"529",2017-02-02,0,0,0,0,2,2017
"530",2017-02-03,0,0,0,0,2,2017
"531",2017-02-04,0,0,0,0,2,2017
"532",2017-02-05,0,0,0,0,2,2017
"533",2017-02-06,0,0,0,0,2,2017
"534",2017-02-07,0,0,0,0,2,2017
"535",2017-02-08,0,0,0,0,2,2017
"536",2017-02-09,0,0,0,0,2,2017
"537",2017-02-10,1,1,0,0,2,2017
"538",2017-02-11,0,0,0,0,2,2017
"539",2017-02-12,0,0,0,0,2,2017
"540",2017-02-13,0,0,0,0,2,2017
"541",2017-02-14,1,1,0,1,2,2017
"542",2017-02-15,1,1,0,1,2,2017
"543",2017-02-16,1,1,0,0,2,2017
"544",2017-02-17,1,1,0,1,2,2017
"545",2017-02-18,0,0,0,0,2,2017
"546",2017-02-19,1,0,0,1,2,2017
"547",2017-02-20,0,0,0,0,2,2017
"548",2017-02-21,0,0,0,0,2,2017
"549",2017-02-22,1,0,0,1,2,2017
"550",2017-02-23,0,0,0,0,2,2017
"551",2017-02-24,1,1,0,0,2,2017
"552",2017-02-25,1,1,0,1,2,2017
"553",2017-02-26,1,1,0,1,2,2017
"554",2017-02-27,1,1,0,1,2,2017
"555",2017-02-28,1,1,0,0,2,2017
"556",2017-03-01,1,1,0,1,3,2017
"557",2017-03-02,0,0,0,0,3,2017
"558",2017-03-03,1,1,0,0,3,2017
"559",2017-03-04,0,0,0,0,3,2017
"560",2017-03-05,0,0,0,0,3,2017
"561",2017-03-06,0,0,0,0,3,2017
"562",2017-03-07,0,0,0,0,3,2017
"563",2017-03-08,1,1,0,1,3,2017
"564",2017-03-09,1,1,0,0,3,2017
"565",2017-03-10,0,0,0,0,3,2017
"566",2017-03-11,1,1,0,1,3,2017
"567",2017-03-12,1,1,0,0,3,2017
"568",2017-03-13,1,1,0,1,3,2017
"569",2017-03-14,1,1,0,1,3,2017
"570",2017-03-15,1,1,0,1,3,2017
"571",2017-03-16,1,1,0,1,3,2017
"572",2017-03-17,1,1,0,1,3,2017
"573",2017-03-18,1,1,0,1,3,2017
"574",2017-03-19,1,1,0,1,3,2017
"575",2017-03-20,1,0,0,1,3,2017
"576",2017-03-21,1,1,0,0,3,2017
"577",2017-03-22,1,1,0,0,3,2017
"578",2017-03-23,0,0,0,0,3,2017
"579",2017-03-24,0,0,0,0,3,2017
"580",2017-03-25,1,0,0,1,3,2017
"581",2017-03-26,0,0,0,0,3,2017
"582",2017-03-27,0,0,0,0,3,2017
"583",2017-03-28,0,0,0,0,3,2017
"584",2017-03-29,1,0,0,1,3,2017
"585",2017-03-30,0,0,0,0,3,2017
"586",2017-03-31,0,0,0,0,3,2017
"587",2017-04-01,1,1,0,0,4,2017
"588",2017-04-02,0,0,0,0,4,2017
"589",2017-04-03,0,0,0,0,4,2017
"590",2017-04-04,0,0,0,0,4,2017
"591",2017-04-05,0,0,0,0,4,2017
"592",2017-04-06,1,1,0,1,4,2017
"593",2017-04-07,0,0,0,0,4,2017
"594",2017-04-08,1,1,0,0,4,2017
"595",2017-04-09,1,1,0,1,4,2017
"596",2017-04-10,0,0,0,0,4,2017
"597",2017-04-11,1,1,0,1,4,2017
"598",2017-04-12,1,1,0,1,4,2017
"599",2017-04-13,1,1,0,0,4,2017
"600",2017-04-14,0,0,0,0,4,2017
"601",2017-04-15,0,0,0,0,4,2017
"602",2017-04-16,1,0,0,1,4,2017
"603",2017-04-17,1,1,0,0,4,2017
"604",2017-04-18,1,1,0,1,4,2017
"605",2017-04-19,1,0,0,1,4,2017
"606",2017-04-20,1,1,0,1,4,2017
"607",2017-04-21,0,0,0,0,4,2017
"608",2017-04-22,1,1,0,0,4,2017
"609",2017-04-23,0,0,0,0,4,2017
"610",2017-04-24,1,1,0,0,4,2017
"611",2017-04-25,1,1,0,1,4,2017
"612",2017-04-26,1,1,0,1,4,2017
"613",2017-04-27,0,0,0,0,4,2017
"614",2017-04-28,0,0,0,0,4,2017
"615",2017-04-29,1,1,0,0,4,2017
"616",2017-04-30,0,0,0,0,4,2017
"617",2017-05-01,0,0,0,0,5,2017
"618",2017-05-02,0,0,0,0,5,2017
"619",2017-05-03,0,0,0,0,5,2017
"620",2017-05-04,0,0,0,0,5,2017
"621",2017-05-05,0,0,0,0,5,2017
"622",2017-05-06,0,0,0,0,5,2017
"623",2017-05-07,0,0,0,0,5,2017
"624",2017-05-08,1,1,0,1,5,2017
"625",2017-05-09,0,0,0,0,5,2017
"626",2017-05-10,0,0,0,0,5,2017
"627",2017-05-11,1,1,0,0,5,2017
"628",2017-05-12,0,0,0,0,5,2017
"629",2017-05-13,0,0,0,0,5,2017
"630",2017-05-14,0,0,0,0,5,2017
"631",2017-05-15,0,0,0,0,5,2017
"632",2017-05-16,0,0,0,0,5,2017
"633",2017-05-17,0,0,0,0,5,2017
"634",2017-05-18,1,1,0,0,5,2017
"635",2017-05-19,0,0,0,0,5,2017
"636",2017-05-20,1,0,0,1,5,2017
"637",2017-05-21,1,1,0,1,5,2017
"638",2017-05-22,1,1,0,0,5,2017
"639",2017-05-23,1,1,0,1,5,2017
"640",2017-05-24,1,1,0,1,5,2017
"641",2017-05-25,1,0,0,1,5,2017
"642",2017-05-26,0,0,0,0,5,2017
"643",2017-05-27,1,1,0,1,5,2017
"644",2017-05-28,1,1,0,0,5,2017
"645",2017-05-29,0,0,0,0,5,2017
"646",2017-05-30,1,1,0,0,5,2017
"647",2017-05-31,0,0,0,0,5,2017
"648",2017-06-01,0,0,0,0,6,2017
"649",2017-06-02,0,0,0,0,6,2017
"650",2017-06-03,0,0,0,0,6,2017
"651",2017-06-04,0,0,0,0,6,2017
"652",2017-06-05,0,0,0,0,6,2017
"653",2017-06-06,0,0,0,0,6,2017
"654",2017-06-07,0,0,0,0,6,2017
"655",2017-06-08,0,0,0,0,6,2017
"656",2017-06-09,1,1,0,0,6,2017
"657",2017-06-10,0,0,0,0,6,2017
"658",2017-06-11,0,0,0,0,6,2017
"659",2017-06-12,0,0,0,0,6,2017
"660",2017-06-13,0,0,0,0,6,2017
"661",2017-06-14,0,0,0,0,6,2017
"662",2017-06-15,0,0,0,0,6,2017
"663",2017-06-16,0,0,0,0,6,2017
"664",2017-06-17,0,0,0,0,6,2017
"665",2017-06-18,0,0,0,0,6,2017
"666",2017-06-19,1,0,0,1,6,2017
"667",2017-06-20,0,0,0,0,6,2017
"668",2017-06-21,1,1,0,0,6,2017
"669",2017-06-22,1,1,0,0,6,2017
"670",2017-06-23,0,0,0,0,6,2017
"671",2017-06-24,0,0,0,0,6,2017
"672",2017-06-25,0,0,0,0,6,2017
"673",2017-06-26,1,1,0,1,6,2017
"674",2017-06-27,1,1,0,1,6,2017
"675",2017-06-28,0,0,0,0,6,2017
"676",2017-06-29,0,0,0,0,6,2017
"677",2017-06-30,0,0,0,0,6,2017
"678",2017-07-01,0,0,0,0,7,2017
"679",2017-07-02,0,0,0,0,7,2017
"680",2017-07-03,0,0,0,0,7,2017
"681",2017-07-04,1,1,0,1,7,2017
"682",2017-07-05,1,1,0,1,7,2017
"683",2017-07-06,0,0,0,0,7,2017
"684",2017-07-07,0,0,0,0,7,2017
"685",2017-07-08,0,0,0,0,7,2017
"686",2017-07-09,0,0,0,0,7,2017
"687",2017-07-10,1,0,0,1,7,2017
"688",2017-07-11,0,0,0,0,7,2017
"689",2017-07-12,0,0,0,0,7,2017
"690",2017-07-13,0,0,0,0,7,2017
"691",2017-07-14,0,0,0,0,7,2017
"692",2017-07-15,0,0,0,0,7,2017
"693",2017-07-16,0,0,0,0,7,2017
"694",2017-07-17,0,0,0,0,7,2017
"695",2017-07-18,0,0,0,0,7,2017
"696",2017-07-19,0,0,0,0,7,2017
"697",2017-07-20,1,1,0,1,7,2017
"698",2017-07-21,0,0,0,0,7,2017
"699",2017-07-22,0,0,0,0,7,2017
"700",2017-07-23,0,0,0,0,7,2017
"701",2017-07-24,1,0,0,1,7,2017
"702",2017-07-25,0,0,0,0,7,2017
"703",2017-07-26,1,1,0,1,7,2017
"704",2017-07-27,0,0,0,0,7,2017
"705",2017-07-28,0,0,0,0,7,2017
"706",2017-07-29,0,0,0,0,7,2017
"707",2017-07-30,0,0,0,0,7,2017
"708",2017-07-31,1,1,0,0,7,2017
"709",2017-08-01,0,0,0,0,8,2017
"710",2017-08-02,0,0,0,0,8,2017
"711",2017-08-03,0,0,0,0,8,2017
"712",2017-08-04,1,0,0,1,8,2017
"713",2017-08-05,0,0,0,0,8,2017
"714",2017-08-06,1,1,0,1,8,2017
"715",2017-08-07,0,0,0,0,8,2017
"716",2017-08-08,1,1,0,0,8,2017
"717",2017-08-09,0,0,0,0,8,2017
"718",2017-08-10,0,0,0,0,8,2017
"719",2017-08-11,0,0,0,0,8,2017
"720",2017-08-12,0,0,0,0,8,2017
"721",2017-08-13,1,1,0,1,8,2017
"722",2017-08-14,1,1,0,1,8,2017
"723",2017-08-15,1,1,0,1,8,2017
"724",2017-08-16,1,1,0,1,8,2017
"725",2017-08-17,1,1,0,0,8,2017
"726",2017-08-18,1,1,0,1,8,2017
"727",2017-08-19,1,1,0,1,8,2017
"728",2017-08-20,0,0,0,0,8,2017
"729",2017-08-21,1,1,0,0,8,2017
"730",2017-08-22,1,1,0,1,8,2017
"731",2017-08-23,1,1,0,0,8,2017
"732",2017-08-24,1,1,0,1,8,2017
"733",2017-08-25,0,0,0,0,8,2017
"734",2017-08-26,0,0,0,0,8,2017
"735",2017-08-27,0,0,0,0,8,2017
"736",2017-08-28,1,1,0,0,8,2017
"737",2017-08-29,1,1,0,1,8,2017
"738",2017-08-30,0,0,0,0,8,2017
"739",2017-08-31,0,0,0,0,8,2017
"740",2017-09-01,0,0,0,0,9,2017
"741",2017-09-02,0,0,0,0,9,2017
"742",2017-09-03,1,1,0,1,9,2017
"743",2017-09-04,1,1,0,1,9,2017
"744",2017-09-05,0,0,0,0,9,2017
"745",2017-09-06,0,0,0,0,9,2017
"746",2017-09-07,0,0,0,0,9,2017
"747",2017-09-08,0,0,0,0,9,2017
"748",2017-09-09,1,1,0,1,9,2017
"749",2017-09-10,0,0,0,0,9,2017
"750",2017-09-11,0,0,0,0,9,2017
"751",2017-09-12,0,0,0,0,9,2017
"752",2017-09-13,0,0,0,0,9,2017
"753",2017-09-14,1,0,0,1,9,2017
"754",2017-09-15,0,0,0,0,9,2017
"755",2017-09-16,0,0,0,0,9,2017
"756",2017-09-17,0,0,0,0,9,2017
"757",2017-09-18,1,0,0,1,9,2017
"758",2017-09-19,0,0,0,0,9,2017
"759",2017-09-20,1,1,0,0,9,2017
"760",2017-09-21,1,1,0,1,9,2017
"761",2017-09-22,1,1,0,1,9,2017
"762",2017-09-23,0,0,0,0,9,2017
"763",2017-09-24,0,0,0,0,9,2017
"764",2017-09-25,0,0,0,0,9,2017
"765",2017-09-26,0,0,0,0,9,2017
"766",2017-09-27,0,0,0,0,9,2017
"767",2017-09-28,1,0,0,1,9,2017
"768",2017-09-29,0,0,0,0,9,2017
"769",2017-09-30,0,0,0,0,9,2017
"770",2017-10-01,0,0,0,0,10,2017
"771",2017-10-02,0,0,0,0,10,2017
"772",2017-10-03,0,0,0,0,10,2017
"773",2017-10-04,0,0,0,0,10,2017
"774",2017-10-05,0,0,0,0,10,2017
"775",2017-10-06,0,0,0,0,10,2017
"776",2017-10-07,0,0,0,0,10,2017
"777",2017-10-08,0,0,0,0,10,2017
"778",2017-10-09,0,0,0,0,10,2017
"779",2017-10-10,0,0,0,0,10,2017
"780",2017-10-11,0,0,0,0,10,2017
"781",2017-10-12,0,0,0,0,10,2017
"782",2017-10-13,0,0,0,0,10,2017
"783",2017-10-14,0,0,0,0,10,2017
"784",2017-10-15,1,1,0,0,10,2017
"785",2017-10-16,1,1,0,1,10,2017
"786",2017-10-17,1,1,0,1,10,2017
"787",2017-10-18,0,0,0,0,10,2017
"788",2017-10-19,1,1,0,1,10,2017
"789",2017-10-20,1,1,0,1,10,2017
"790",2017-10-21,1,1,0,1,10,2017
"791",2017-10-22,1,1,0,1,10,2017
"792",2017-10-23,1,1,0,1,10,2017
"793",2017-10-24,1,1,0,1,10,2017
"794",2017-10-25,1,1,0,1,10,2017
"795",2017-10-26,1,1,0,1,10,2017
"796",2017-10-27,1,1,0,1,10,2017
"797",2017-10-28,1,1,0,1,10,2017
"798",2017-10-29,0,0,0,0,10,2017
"799",2017-10-30,0,0,0,0,10,2017
"800",2017-10-31,1,1,0,0,10,2017
"801",2017-11-01,1,1,0,1,11,2017
"802",2017-11-02,1,1,0,1,11,2017
"803",2017-11-03,0,0,0,0,11,2017
"804",2017-11-04,1,1,0,0,11,2017
"805",2017-11-05,1,1,0,0,11,2017
"806",2017-11-06,1,1,0,1,11,2017
"807",2017-11-07,0,0,0,0,11,2017
"808",2017-11-08,0,0,0,0,11,2017
"809",2017-11-09,1,1,0,1,11,2017
"810",2017-11-10,1,1,0,1,11,2017
"811",2017-11-11,1,1,0,1,11,2017
"812",2017-11-12,1,0,0,1,11,2017
"813",2017-11-13,1,1,0,1,11,2017
"814",2017-11-14,1,1,0,1,11,2017
"815",2017-11-15,1,1,0,1,11,2017
"816",2017-11-16,0,0,0,0,11,2017
"817",2017-11-17,1,1,0,1,11,2017
"818",2017-11-18,1,1,0,0,11,2017
"819",2017-11-19,1,1,0,1,11,2017
"820",2017-11-20,1,1,0,1,11,2017
"821",2017-11-21,1,1,0,1,11,2017
"822",2017-11-22,1,1,0,1,11,2017
"823",2017-11-23,1,0,0,1,11,2017
"824",2017-11-24,1,1,0,0,11,2017
"825",2017-11-25,1,1,0,1,11,2017
"826",2017-11-26,1,0,0,1,11,2017
"827",2017-11-27,1,0,0,1,11,2017
"828",2017-11-28,1,1,0,0,11,2017
"829",2017-11-29,1,1,0,0,11,2017
"830",2017-11-30,1,1,0,0,11,2017
"831",2017-12-01,0,0,0,0,12,2017
"832",2017-12-02,1,1,0,0,12,2017
"833",2017-12-03,1,1,0,1,12,2017
"834",2017-12-04,0,0,0,0,12,2017
"835",2017-12-05,1,1,0,0,12,2017
"836",2017-12-06,1,1,0,1,12,2017
"837",2017-12-07,1,1,0,0,12,2017
"838",2017-12-08,1,1,0,0,12,2017
"839",2017-12-09,1,1,0,0,12,2017
"840",2017-12-10,1,1,0,1,12,2017
"841",2017-12-11,1,1,0,1,12,2017
"842",2017-12-12,1,1,0,1,12,2017
"843",2017-12-13,1,1,0,1,12,2017
"844",2017-12-14,0,0,0,0,12,2017
"845",2017-12-15,1,1,0,0,12,2017
"846",2017-12-16,0,0,0,0,12,2017
"847",2017-12-17,1,1,0,0,12,2017
"848",2017-12-18,1,1,0,1,12,2017
"849",2017-12-19,1,1,0,1,12,2017
"850",2017-12-20,0,0,0,0,12,2017
"851",2017-12-21,0,0,0,0,12,2017
"852",2017-12-22,1,1,0,0,12,2017
"853",2017-12-23,1,1,0,1,12,2017
"854",2017-12-24,1,1,0,0,12,2017
"855",2017-12-25,1,1,0,1,12,2017
"856",2017-12-26,1,1,0,1,12,2017
"857",2017-12-27,1,1,0,1,12,2017
"858",2017-12-28,1,1,0,1,12,2017
"859",2017-12-29,1,0,0,1,12,2017
"860",2017-12-30,1,0,0,1,12,2017
"861",2017-12-31,0,0,0,0,12,2017
"862",2018-01-01,1,1,0,0,1,2018
"863",2018-01-02,1,1,0,1,1,2018
"864",2018-01-03,0,0,0,0,1,2018
"865",2018-01-04,0,0,0,0,1,2018
"866",2018-01-05,0,0,0,0,1,2018
"867",2018-01-06,0,0,0,0,1,2018
"868",2018-01-07,1,1,0,0,1,2018
"869",2018-01-08,1,1,0,1,1,2018
"870",2018-01-09,1,1,0,0,1,2018
"871",2018-01-10,1,1,0,0,1,2018
"872",2018-01-11,1,1,0,1,1,2018
"873",2018-01-12,1,1,0,1,1,2018
"874",2018-01-13,0,0,0,0,1,2018
"875",2018-01-14,1,1,0,0,1,2018
"876",2018-01-15,1,1,0,1,1,2018
"877",2018-01-16,1,1,0,1,1,2018
"878",2018-01-17,1,0,0,1,1,2018
"879",2018-01-18,0,0,0,0,1,2018
"880",2018-01-19,0,0,0,0,1,2018
"881",2018-01-23,1,1,0,0,1,2018
"882",2018-01-24,1,0,0,1,1,2018
"883",2018-01-25,1,1,0,0,1,2018
"884",2018-01-26,1,1,0,1,1,2018
"885",2018-01-27,1,1,0,1,1,2018
"886",2018-01-28,0,0,0,0,1,2018
"887",2018-01-29,1,1,0,0,1,2018
"888",2018-01-30,1,1,0,1,1,2018
"889",2018-01-31,1,1,0,0,1,2018
"890",2018-02-01,0,0,0,0,2,2018
"891",2018-02-02,1,1,0,1,2,2018
"892",2018-02-03,1,1,0,1,2,2018
"893",2018-02-04,1,1,0,1,2,2018
"894",2018-02-05,0,0,0,0,2,2018
"895",2018-02-06,1,0,0,1,2,2018
"896",2018-02-07,1,1,0,0,2,2018
"897",2018-02-08,1,0,0,1,2,2018
"898",2018-02-09,1,1,0,0,2,2018
"899",2018-02-10,0,0,0,0,2,2018
"900",2018-02-11,1,1,0,1,2,2018
"901",2018-02-12,1,1,0,1,2,2018
"902",2018-02-13,1,0,0,1,2,2018
"903",2018-02-14,1,1,0,0,2,2018
"904",2018-02-15,1,1,0,0,2,2018
"905",2018-02-16,1,0,0,1,2,2018
"906",2018-02-17,1,1,0,1,2,2018
"907",2018-02-18,0,0,0,0,2,2018
"908",2018-02-19,0,0,0,0,2,2018
"909",2018-02-20,1,1,0,0,2,2018
"910",2018-02-21,1,1,0,1,2,2018
"911",2018-02-22,0,0,0,0,2,2018
"912",2018-02-23,0,0,0,0,2,2018
"913",2018-02-24,1,1,0,1,2,2018
"914",2018-02-25,1,1,0,1,2,2018
"915",2018-02-26,1,1,0,1,2,2018
"916",2018-02-27,1,1,0,1,2,2018
"917",2018-02-28,1,1,0,1,2,2018
"918",2018-03-01,0,0,0,0,3,2018
"919",2018-03-02,1,1,0,1,3,2018
"920",2018-03-03,1,1,0,1,3,2018
"921",2018-03-04,1,1,0,1,3,2018
"922",2018-03-05,1,1,0,1,3,2018
"923",2018-03-06,1,1,0,1,3,2018
"924",2018-03-07,1,1,0,1,3,2018
"925",2018-03-08,0,0,0,0,3,2018
"926",2018-03-09,0,0,0,0,3,2018
"927",2018-03-14,1,1,0,0,3,2018
"928",2018-03-15,1,1,0,1,3,2018
"929",2018-03-16,0,0,0,0,3,2018
"930",2018-03-17,1,1,0,1,3,2018
"931",2018-03-18,0,0,0,0,3,2018
"932",2018-03-19,1,1,0,0,3,2018
"933",2018-03-20,1,1,0,1,3,2018
"934",2018-03-21,0,0,0,0,3,2018
"935",2018-03-22,0,0,0,0,3,2018
"936",2018-03-23,1,1,0,0,3,2018
"937",2018-03-24,1,1,0,1,3,2018
"938",2018-03-25,1,1,0,1,3,2018
"939",2018-03-26,0,0,0,0,3,2018
"940",2018-03-27,1,1,0,1,3,2018
"941",2018-03-28,1,0,0,1,3,2018
"942",2018-03-29,0,0,0,0,3,2018
"943",2018-03-30,1,1,0,1,3,2018
"944",2018-03-31,1,1,0,1,3,2018
"945",2018-04-01,1,1,0,0,4,2018
"946",2018-04-02,0,0,0,0,4,2018
"947",2018-04-03,0,0,0,0,4,2018
"948",2018-04-04,1,1,0,1,4,2018
"949",2018-04-05,1,1,0,1,4,2018
"950",2018-04-06,1,0,0,1,4,2018
"951",2018-04-07,1,1,0,0,4,2018
"952",2018-04-08,1,1,0,1,4,2018
"953",2018-04-09,1,1,0,1,4,2018
"954",2018-04-10,1,1,0,1,4,2018
"955",2018-04-11,1,1,0,1,4,2018
"956",2018-04-12,1,1,0,1,4,2018
"957",2018-04-13,1,1,0,0,4,2018
"958",2018-04-14,0,0,0,0,4,2018
"959",2018-04-15,0,0,0,0,4,2018
"960",2018-04-16,0,0,0,0,4,2018
"961",2018-04-17,1,1,0,0,4,2018
"962",2018-04-18,1,1,0,1,4,2018
"963",2018-04-19,0,0,0,0,4,2018
"964",2018-04-20,1,1,0,1,4,2018
"965",2018-04-21,1,1,0,1,4,2018
"966",2018-04-22,0,0,0,0,4,2018
"967",2018-04-23,1,1,0,0,4,2018
"968",2018-04-24,1,1,0,1,4,2018
"969",2018-04-25,1,1,0,0,4,2018
"970",2018-04-26,1,1,0,1,4,2018
"971",2018-04-27,1,1,0,1,4,2018
"972",2018-04-28,1,1,0,0,4,2018
"973",2018-04-29,0,0,0,0,4,2018
"974",2018-04-30,0,0,0,0,4,2018
"975",2018-05-01,0,0,0,0,5,2018
"976",2018-05-02,1,1,0,1,5,2018
"977",2018-05-03,0,0,0,0,5,2018
"978",2018-05-04,1,1,0,1,5,2018
"979",2018-05-05,1,1,0,0,5,2018
"980",2018-05-06,0,0,0,0,5,2018
"981",2018-05-07,0,0,0,0,5,2018
"982",2018-05-08,0,0,0,0,5,2018
"983",2018-05-09,0,0,0,0,5,2018
"984",2018-05-10,0,0,0,0,5,2018
"985",2018-05-11,0,0,0,0,5,2018
"986",2018-05-12,1,0,0,1,5,2018
"987",2018-05-13,1,1,0,1,5,2018
"988",2018-05-14,1,1,0,1,5,2018
"989",2018-05-15,1,1,0,1,5,2018
"990",2018-05-16,1,1,0,1,5,2018
"991",2018-05-17,1,1,0,1,5,2018
"992",2018-05-18,0,0,0,0,5,2018
"993",2018-05-19,0,0,0,0,5,2018
"994",2018-05-20,0,0,0,0,5,2018
"995",2018-05-21,0,0,0,0,5,2018
"996",2018-05-22,0,0,0,0,5,2018
"997",2018-05-23,1,1,0,0,5,2018
"998",2018-05-24,1,1,0,1,5,2018
"999",2018-05-25,1,1,0,0,5,2018
"1000",2018-05-26,1,0,0,1,5,2018
"1001",2018-05-27,1,1,0,1,5,2018
"1002",2018-05-28,0,0,0,0,5,2018
"1003",2018-05-29,0,0,0,0,5,2018
"1004",2018-05-30,0,0,0,0,5,2018
"1005",2018-05-31,0,0,0,0,5,2018
"1006",2018-06-01,0,0,0,0,6,2018
"1007",2018-06-02,0,0,0,0,6,2018
"1008",2018-06-03,0,0,0,0,6,2018
"1009",2018-06-04,0,0,0,0,6,2018
"1010",2018-06-05,0,0,0,0,6,2018
"1011",2018-06-06,0,0,0,0,6,2018
"1012",2018-06-07,0,0,0,0,6,2018
"1013",2018-06-08,0,0,0,0,6,2018
"1014",2018-06-09,0,0,0,0,6,2018
"1015",2018-06-10,0,0,0,0,6,2018
"1016",2018-06-11,0,0,0,0,6,2018
"1017",2018-06-12,0,0,0,0,6,2018
"1018",2018-06-13,0,0,0,0,6,2018
"1019",2018-06-14,0,0,0,0,6,2018
"1020",2018-06-15,1,0,0,1,6,2018
"1021",2018-06-16,0,0,0,0,6,2018
"1022",2018-06-17,0,0,0,0,6,2018
"1023",2018-06-18,1,1,0,1,6,2018
"1024",2018-06-20,0,0,0,0,6,2018
"1025",2018-06-21,0,0,0,0,6,2018
"1026",2018-06-22,0,0,0,0,6,2018
"1027",2018-06-23,0,0,0,0,6,2018
"1028",2018-06-24,1,1,0,1,6,2018
"1029",2018-06-25,1,1,0,1,6,2018
"1030",2018-06-26,1,1,0,0,6,2018
"1031",2018-06-27,1,1,0,1,6,2018
"1032",2018-06-28,0,0,0,0,6,2018
"1033",2018-06-29,1,1,0,0,6,2018
"1034",2018-06-30,0,0,0,0,6,2018
"1035",2018-07-01,1,1,0,0,7,2018
"1036",2018-07-02,0,0,0,0,7,2018
"1037",2018-07-03,1,0,0,1,7,2018
"1038",2018-07-04,0,0,0,0,7,2018
"1039",2018-07-05,1,1,0,0,7,2018
"1040",2018-07-06,1,1,0,1,7,2018
"1041",2018-07-07,0,0,0,0,7,2018
"1042",2018-07-08,0,0,0,0,7,2018
"1043",2018-07-09,0,0,0,0,7,2018
"1044",2018-07-10,0,0,0,0,7,2018
"1045",2018-07-11,0,0,0,0,7,2018
"1046",2018-07-12,0,0,0,0,7,2018
"1047",2018-07-13,1,1,0,0,7,2018
"1048",2018-07-14,1,1,0,0,7,2018
"1049",2018-07-15,1,0,0,1,7,2018
"1050",2018-07-16,1,1,0,1,7,2018
"1051",2018-07-17,0,0,0,0,7,2018
"1052",2018-07-18,0,0,0,0,7,2018
"1053",2018-07-19,0,0,0,0,7,2018
"1054",2018-07-20,0,0,0,0,7,2018
"1055",2018-07-21,1,1,0,1,7,2018
"1056",2018-07-22,1,1,0,1,7,2018
"1057",2018-07-23,0,0,0,0,7,2018
"1058",2018-07-24,0,0,0,0,7,2018
"1059",2018-07-25,0,0,0,0,7,2018
"1060",2018-07-26,0,0,0,0,7,2018
"1061",2018-07-27,0,0,0,0,7,2018
"1062",2018-07-28,0,0,0,0,7,2018
"1063",2018-07-29,0,0,0,0,7,2018
"1064",2018-07-30,0,0,0,0,7,2018
"1065",2018-07-31,0,0,0,0,7,2018
"1066",2018-08-01,0,0,0,0,8,2018
"1067",2018-08-02,0,0,0,0,8,2018
"1068",2018-08-03,1,0,0,1,8,2018
"1069",2018-08-04,0,0,0,0,8,2018
"1070",2018-08-05,0,0,0,0,8,2018
"1071",2018-08-06,1,0,0,1,8,2018
"1072",2018-08-07,0,0,0,0,8,2018
"1073",2018-08-08,0,0,0,0,8,2018
"1074",2018-08-09,0,0,0,0,8,2018
"1075",2018-08-10,0,0,0,0,8,2018
"1076",2018-08-11,1,0,0,1,8,2018
"1077",2018-08-12,1,1,0,0,8,2018
"1078",2018-08-13,1,1,0,1,8,2018
"1079",2018-08-14,0,0,0,0,8,2018
"1080",2018-08-15,0,0,0,0,8,2018
"1081",2018-08-16,0,0,0,0,8,2018
"1082",2018-08-17,0,0,0,0,8,2018
"1083",2018-08-18,1,1,0,1,8,2018
"1084",2018-08-19,0,0,0,0,8,2018
"1085",2018-08-20,1,1,0,1,8,2018
"1086",2018-08-21,1,1,0,1,8,2018
"1087",2018-08-22,1,1,0,1,8,2018
"1088",2018-08-23,1,1,0,1,8,2018
"1089",2018-08-24,0,0,0,0,8,2018
"1090",2018-08-25,1,1,0,0,8,2018
"1091",2018-08-26,1,1,0,1,8,2018
"1092",2018-08-27,0,0,0,0,8,2018
"1093",2018-08-28,1,1,0,0,8,2018
"1094",2018-08-29,1,1,0,1,8,2018
"1095",2018-08-30,1,1,0,1,8,2018
"1096",2018-08-31,0,0,0,0,8,2018
"1097",2018-09-01,0,0,0,0,9,2018
"1098",2018-09-02,0,0,0,0,9,2018
"1099",2018-09-03,0,0,0,0,9,2018
"1100",2018-09-04,1,1,0,0,9,2018
"1101",2018-09-05,1,1,0,0,9,2018
"1102",2018-09-06,0,0,0,0,9,2018
"1103",2018-09-07,0,0,0,0,9,2018
"1104",2018-09-08,0,0,0,0,9,2018
"1105",2018-09-09,1,1,0,0,9,2018
"1106",2018-09-10,0,0,0,0,9,2018
"1107",2018-09-11,0,0,0,0,9,2018
"1108",2018-09-12,0,0,0,0,9,2018
"1109",2018-09-13,0,0,0,0,9,2018
"1110",2018-09-14,0,0,0,0,9,2018
"1111",2018-09-15,0,0,0,0,9,2018
"1112",2018-09-16,0,0,0,0,9,2018
"1113",2018-09-17,1,1,0,0,9,2018
"1114",2018-09-18,1,1,0,0,9,2018
"1115",2018-09-19,0,0,0,0,9,2018
"1116",2018-09-20,0,0,0,0,9,2018
"1117",2018-09-21,0,0,0,0,9,2018
"1118",2018-09-22,1,1,0,0,9,2018
"1119",2018-09-23,0,0,0,0,9,2018
"1120",2018-09-24,0,0,0,0,9,2018
"1121",2018-09-25,1,0,0,1,9,2018
"1122",2018-09-26,1,1,0,1,9,2018
"1123",2018-09-27,1,0,0,1,9,2018
"1124",2018-09-28,0,0,0,0,9,2018
"1125",2018-09-29,0,0,0,0,9,2018
"1126",2018-09-30,0,0,0,0,9,2018
"1127",2018-10-01,0,0,0,0,10,2018
"1128",2018-10-02,0,0,0,0,10,2018
"1129",2018-10-03,0,0,0,0,10,2018
"1130",2018-10-04,0,0,0,0,10,2018
"1131",2018-10-05,0,0,0,0,10,2018
"1132",2018-10-06,0,0,0,0,10,2018
"1133",2018-10-07,0,0,0,0,10,2018
"1134",2018-10-08,1,1,0,0,10,2018
"1135",2018-10-09,1,1,0,0,10,2018
"1136",2018-10-10,1,1,0,1,10,2018
"1137",2018-10-11,1,1,0,1,10,2018
"1138",2018-10-12,0,0,0,0,10,2018
"1139",2018-10-13,0,0,0,0,10,2018
"1140",2018-10-14,1,1,0,0,10,2018
"1141",2018-10-15,1,1,0,0,10,2018
"1142",2018-10-16,0,0,0,0,10,2018
"1143",2018-10-17,0,0,0,0,10,2018
"1144",2018-10-18,0,0,0,0,10,2018
"1145",2018-10-19,0,0,0,0,10,2018
"1146",2018-10-20,0,0,0,0,10,2018
"1147",2018-10-21,0,0,0,0,10,2018
"1148",2018-10-22,0,0,0,0,10,2018
"1149",2018-10-23,0,0,0,0,10,2018
"1150",2018-10-24,0,0,0,0,10,2018
"1151",2018-10-25,0,0,0,0,10,2018
"1152",2018-10-26,0,0,0,0,10,2018
"1153",2018-10-27,0,0,0,0,10,2018
"1154",2018-10-28,1,1,0,1,10,2018
"1155",2018-10-29,0,0,0,0,10,2018
"1156",2018-10-30,0,0,0,0,10,2018
"1157",2018-10-31,1,1,0,0,10,2018
"1158",2018-11-01,1,1,0,1,11,2018
"1159",2018-11-02,0,0,0,0,11,2018
"1160",2018-11-03,1,1,0,1,11,2018
"1161",2018-11-04,0,0,0,0,11,2018
"1162",2018-11-05,0,0,0,0,11,2018
"1163",2018-11-06,0,0,0,0,11,2018
"1164",2018-11-07,1,1,0,0,11,2018
"1165",2018-11-08,0,0,0,0,11,2018
"1166",2018-11-09,1,1,0,0,11,2018
"1167",2018-11-10,1,0,0,1,11,2018
"1168",2018-11-11,0,0,0,0,11,2018
"1169",2018-11-12,0,0,0,0,11,2018
"1170",2018-11-13,1,1,0,0,11,2018
"1171",2018-11-14,1,1,0,1,11,2018
"1172",2018-11-15,0,0,0,0,11,2018
"1173",2018-11-16,1,1,0,1,11,2018
"1174",2018-11-17,1,1,0,1,11,2018
"1175",2018-11-18,1,1,0,1,11,2018
"1176",2018-11-19,1,1,0,1,11,2018
"1177",2018-11-20,0,0,0,0,11,2018
"1178",2018-11-21,0,0,0,0,11,2018
"1179",2018-11-22,1,1,0,0,11,2018
"1180",2018-11-23,1,1,0,0,11,2018
"1181",2018-11-24,1,1,0,1,11,2018
"1182",2018-11-25,1,1,0,1,11,2018
"1183",2018-11-26,1,1,0,0,11,2018
"1184",2018-11-27,1,1,0,1,11,2018
"1185",2018-11-28,1,1,0,1,11,2018
"1186",2018-11-29,0,0,0,0,11,2018
"1187",2018-11-30,1,1,0,0,11,2018
"1188",2018-12-01,1,1,0,1,12,2018
"1189",2018-12-02,0,0,0,0,12,2018
"1190",2018-12-03,1,0,0,1,12,2018
"1191",2018-12-04,1,0,0,1,12,2018
"1192",2018-12-05,1,1,0,1,12,2018
"1193",2018-12-06,1,1,0,1,12,2018
"1194",2018-12-07,1,1,0,1,12,2018
"1195",2018-12-08,1,1,0,1,12,2018
"1196",2018-12-09,1,1,0,1,12,2018
"1197",2018-12-10,1,1,0,0,12,2018
"1198",2018-12-11,0,0,0,0,12,2018
"1199",2018-12-12,0,0,0,0,12,2018
"1200",2018-12-13,0,0,0,0,12,2018
"1201",2018-12-14,0,0,0,0,12,2018
"1202",2018-12-15,0,0,0,0,12,2018
"1203",2018-12-16,0,0,0,0,12,2018
"1204",2018-12-17,1,1,0,0,12,2018
"1205",2018-12-18,1,1,0,1,12,2018
"1206",2018-12-19,1,1,0,1,12,2018
"1207",2018-12-20,1,1,0,0,12,2018
"1208",2018-12-21,0,0,0,0,12,2018
"1209",2018-12-22,0,0,0,0,12,2018
"1210",2018-12-23,1,1,0,1,12,2018
"1211",2018-12-24,0,0,0,0,12,2018
"1212",2018-12-25,0,0,0,0,12,2018
"1213",2018-12-26,0,0,0,0,12,2018
"1214",2018-12-27,1,1,0,1,12,2018
"1215",2018-12-28,0,0,0,0,12,2018
"1216",2018-12-29,0,0,0,0,12,2018
"1217",2018-12-30,1,1,0,0,12,2018
"1218",2018-12-31,0,0,0,0,12,2018
"1219",2019-01-01,0,0,0,0,1,2019
"1220",2019-01-02,1,1,0,1,1,2019
"1221",2019-01-03,1,1,0,0,1,2019
"1222",2019-01-04,1,1,0,1,1,2019
"1223",2019-01-05,0,0,0,0,1,2019
"1224",2019-01-06,0,0,0,0,1,2019
"1225",2019-01-07,0,0,0,0,1,2019
"1226",2019-01-08,0,0,0,0,1,2019
"1227",2019-01-09,0,0,0,0,1,2019
"1228",2019-01-10,0,0,0,0,1,2019
"1229",2019-01-11,0,0,0,0,1,2019
"1230",2019-01-12,0,0,0,0,1,2019
"1231",2019-01-13,0,0,0,0,1,2019
"1232",2019-01-14,0,0,0,0,1,2019
"1233",2019-01-15,0,0,0,0,1,2019
"1234",2019-01-16,0,0,0,0,1,2019
"1235",2019-01-17,0,0,0,0,1,2019
"1236",2019-01-18,1,1,0,1,1,2019
"1237",2019-01-19,1,1,0,1,1,2019
"1238",2019-01-20,1,1,0,1,1,2019
"1239",2019-01-21,0,0,0,0,1,2019
"1240",2019-01-22,0,0,0,0,1,2019
"1241",2019-01-23,1,0,0,1,1,2019
"1242",2019-01-24,1,1,0,0,1,2019
"1243",2019-01-25,0,0,0,0,1,2019
"1244",2019-01-26,0,0,0,0,1,2019
"1245",2019-01-27,1,0,0,1,1,2019
"1246",2019-01-28,1,1,0,0,1,2019
"1247",2019-01-29,1,1,0,1,1,2019
"1248",2019-01-30,1,0,0,1,1,2019
"1249",2019-01-31,1,1,0,1,1,2019
"1250",2019-02-01,1,1,0,1,2,2019
"1251",2019-02-02,1,1,0,0,2,2019
"1252",2019-02-03,1,1,0,1,2,2019
"1253",2019-02-04,0,0,0,0,2,2019
"1254",2019-02-05,0,0,0,0,2,2019
"1255",2019-02-06,0,0,0,0,2,2019
"1256",2019-02-07,1,1,0,0,2,2019
"1257",2019-02-08,1,1,0,1,2,2019
"1258",2019-02-09,1,1,0,1,2,2019
"1259",2019-02-10,1,1,0,1,2,2019
"1260",2019-02-11,1,0,0,1,2,2019
"1261",2019-02-12,1,0,0,1,2,2019
"1262",2019-02-13,0,0,0,0,2,2019
"1263",2019-02-14,0,0,0,0,2,2019
"1264",2019-02-15,0,0,0,0,2,2019
"1265",2019-02-16,0,0,0,0,2,2019
"1266",2019-02-17,0,0,0,0,2,2019
"1267",2019-02-18,0,0,0,0,2,2019
"1268",2019-02-19,0,0,0,0,2,2019
"1269",2019-02-20,0,0,0,0,2,2019
"1270",2019-02-21,0,0,0,0,2,2019
"1271",2019-02-22,1,1,0,0,2,2019
"1272",2019-02-23,1,1,0,1,2,2019
"1273",2019-02-24,1,1,0,1,2,2019
"1274",2019-02-25,1,0,0,1,2,2019
"1275",2019-02-26,0,0,0,0,2,2019
"1276",2019-02-27,0,0,0,0,2,2019
"1277",2019-02-28,1,1,0,0,2,2019
"1278",2019-03-01,1,1,0,1,3,2019
"1279",2019-03-02,1,1,0,1,3,2019
"1280",2019-03-03,0,0,0,0,3,2019
"1281",2019-03-04,0,0,0,0,3,2019
"1282",2019-03-05,0,0,0,0,3,2019
"1283",2019-03-06,0,0,0,0,3,2019
"1284",2019-03-07,0,0,0,0,3,2019
"1285",2019-03-08,0,0,0,0,3,2019
"1286",2019-03-09,0,0,0,0,3,2019
"1287",2019-03-10,0,0,0,0,3,2019
"1288",2019-03-11,1,1,0,1,3,2019
"1289",2019-03-12,0,0,0,0,3,2019
"1290",2019-03-13,0,0,0,0,3,2019
"1291",2019-03-14,1,1,0,0,3,2019
"1292",2019-03-15,0,0,0,0,3,2019
"1293",2019-03-16,1,1,0,1,3,2019
"1294",2019-03-17,1,1,0,0,3,2019
"1295",2019-03-18,1,1,0,0,3,2019
"1296",2019-03-19,1,1,0,1,3,2019
"1297",2019-03-20,1,1,0,0,3,2019
"1298",2019-03-21,1,1,0,0,3,2019
"1299",2019-03-22,1,1,0,1,3,2019
"1300",2019-03-23,1,1,0,1,3,2019
"1301",2019-03-24,1,1,0,1,3,2019
"1302",2019-03-25,1,1,0,1,3,2019
"1303",2019-03-26,1,1,0,1,3,2019
"1304",2019-03-27,1,1,0,1,3,2019
"1305",2019-03-28,1,0,0,1,3,2019
"1306",2019-03-29,1,1,0,1,3,2019
"1307",2019-03-30,1,1,0,1,3,2019
"1308",2019-03-31,1,1,0,0,3,2019
"1309",2019-04-01,1,1,0,0,4,2019
"1310",2019-04-02,1,1,0,1,4,2019
"1311",2019-04-03,1,1,0,1,4,2019
"1312",2019-04-10,0,0,0,0,4,2019
"1313",2019-04-11,0,0,0,0,4,2019
"1314",2019-04-12,0,0,0,0,4,2019
"1315",2019-04-13,0,0,0,0,4,2019
"1316",2019-04-14,0,0,0,0,4,2019
"1317",2019-04-15,0,0,0,0,4,2019
"1318",2019-04-16,1,0,0,1,4,2019
"1319",2019-04-17,0,0,0,0,4,2019
"1320",2019-04-18,0,0,0,0,4,2019
"1321",2019-04-19,1,1,0,1,4,2019
"1322",2019-04-20,0,0,0,0,4,2019
"1323",2019-04-21,0,0,0,0,4,2019
"1324",2019-04-22,0,0,0,0,4,2019
"1325",2019-04-23,1,1,0,1,4,2019
"1326",2019-04-24,1,1,0,0,4,2019
"1327",2019-04-25,1,1,0,1,4,2019
"1328",2019-04-26,1,1,0,1,4,2019
"1329",2019-04-27,1,1,0,1,4,2019
"1330",2019-04-28,1,1,0,1,4,2019
"1331",2019-04-29,1,1,0,1,4,2019
"1332",2019-04-30,1,1,0,0,4,2019
"1333",2019-05-01,1,1,0,1,5,2019
"1334",2019-05-02,0,0,0,0,5,2019
"1335",2019-05-03,0,0,0,0,5,2019
"1336",2019-05-04,1,1,0,0,5,2019
"1337",2019-05-05,1,1,0,1,5,2019
"1338",2019-05-06,1,1,0,0,5,2019
"1339",2019-05-07,1,1,0,1,5,2019
"1340",2019-05-08,1,1,0,1,5,2019
"1341",2019-05-09,1,1,0,1,5,2019
"1342",2019-05-10,1,1,0,1,5,2019
"1343",2019-05-11,1,0,0,1,5,2019
"1344",2019-05-12,1,1,0,0,5,2019
"1345",2019-05-13,0,0,0,0,5,2019
"1346",2019-05-14,0,0,0,0,5,2019
"1347",2019-05-15,1,1,0,0,5,2019
"1348",2019-05-16,0,0,0,0,5,2019
"1349",2019-05-17,0,0,0,0,5,2019
"1350",2019-05-18,1,1,0,0,5,2019
"1351",2019-05-19,1,1,0,0,5,2019
"1352",2019-05-20,1,1,0,1,5,2019
"1353",2019-05-21,1,0,0,1,5,2019
"1354",2019-05-22,0,0,0,0,5,2019
"1355",2019-05-23,1,1,0,0,5,2019
"1356",2019-05-24,1,1,0,1,5,2019
"1357",2019-05-25,0,0,0,0,5,2019
"1358",2019-05-26,0,0,0,0,5,2019
"1359",2019-05-27,1,1,0,0,5,2019
"1360",2019-05-28,0,0,0,0,5,2019
"1361",2019-05-29,1,1,0,0,5,2019
"1362",2019-05-30,1,1,0,1,5,2019
"1363",2019-05-31,1,1,0,1,5,2019
"1364",2019-06-01,0,0,0,0,6,2019
"1365",2019-06-02,1,1,0,0,6,2019
"1366",2019-06-03,1,1,0,0,6,2019
"1367",2019-06-04,1,1,0,0,6,2019
"1368",2019-06-05,0,0,0,0,6,2019
"1369",2019-06-06,0,0,0,0,6,2019
"1370",2019-06-07,0,0,0,0,6,2019
"1371",2019-06-08,0,0,0,0,6,2019
"1372",2019-06-09,0,0,0,0,6,2019
"1373",2019-06-10,1,1,0,1,6,2019
"1374",2019-06-11,1,1,0,0,6,2019
"1375",2019-06-12,1,1,0,1,6,2019
"1376",2019-06-13,1,1,0,1,6,2019
"1377",2019-06-14,1,0,0,1,6,2019
"1378",2019-06-15,1,1,0,1,6,2019
"1379",2019-06-16,0,0,0,0,6,2019
"1380",2019-06-17,1,1,0,1,6,2019
"1381",2019-06-18,1,0,0,1,6,2019
"1382",2019-06-19,0,0,0,0,6,2019
"1383",2019-06-20,1,1,0,0,6,2019
"1384",2019-06-21,1,1,0,0,6,2019
"1385",2019-06-22,1,1,0,1,6,2019
"1386",2019-06-27,0,0,0,0,6,2019
"1387",2019-06-28,0,0,0,0,6,2019
"1388",2019-06-29,0,0,0,0,6,2019
"1389",2019-06-30,0,0,0,0,6,2019
"1390",2019-07-01,0,0,0,0,7,2019
"1391",2019-07-02,1,1,0,0,7,2019
"1392",2019-07-03,0,0,0,0,7,2019
"1393",2019-07-04,0,0,0,0,7,2019
"1394",2019-07-05,1,1,0,1,7,2019
"1395",2019-07-06,0,0,0,0,7,2019
"1396",2019-07-07,1,1,0,0,7,2019
"1397",2019-07-08,0,0,0,0,7,2019
"1398",2019-07-09,1,1,0,0,7,2019
"1399",2019-07-10,0,0,0,0,7,2019
"1400",2019-07-11,0,0,0,0,7,2019
"1401",2019-07-12,0,0,0,0,7,2019
"1402",2019-07-13,0,0,0,0,7,2019
"1403",2019-07-14,0,0,0,0,7,2019
"1404",2019-07-15,0,0,0,0,7,2019
"1405",2019-07-16,0,0,0,0,7,2019
"1406",2019-07-17,1,0,0,1,7,2019
"1407",2019-07-18,0,0,0,0,7,2019
"1408",2019-07-19,0,0,0,0,7,2019
"1409",2019-07-20,0,0,0,0,7,2019
"1410",2019-07-21,0,0,0,0,7,2019
"1411",2019-07-22,0,0,0,0,7,2019
"1412",2019-07-23,0,0,0,0,7,2019
"1413",2019-07-24,0,0,0,0,7,2019
"1414",2019-07-25,1,1,0,0,7,2019
"1415",2019-07-26,1,1,0,1,7,2019
"1416",2019-07-27,1,1,0,1,7,2019
"1417",2019-07-28,1,1,0,1,7,2019
"1418",2019-07-29,1,0,0,1,7,2019
"1419",2019-07-30,1,1,0,0,7,2019
"1420",2019-07-31,1,1,0,1,7,2019
"1421",2019-08-01,1,1,0,1,8,2019
"1422",2019-08-02,0,0,0,0,8,2019
"1423",2019-08-03,1,1,0,0,8,2019
"1424",2019-08-04,1,1,0,1,8,2019
"1425",2019-08-05,1,1,0,0,8,2019
"1426",2019-08-06,1,1,0,1,8,2019
"1427",2019-08-07,0,0,0,0,8,2019
"1428",2019-08-08,0,0,0,0,8,2019
"1429",2019-08-09,0,0,0,0,8,2019
"1430",2019-08-10,0,0,0,0,8,2019
"1431",2019-08-11,0,0,0,0,8,2019
"1432",2019-08-12,0,0,0,0,8,2019
"1433",2019-08-13,1,1,0,1,8,2019
"1434",2019-08-14,0,0,0,0,8,2019
"1435",2019-08-15,1,0,0,1,8,2019
"1436",2019-08-16,1,0,0,1,8,2019
"1437",2019-08-17,0,0,0,0,8,2019
"1438",2019-08-18,0,0,0,0,8,2019
"1439",2019-08-19,1,1,0,1,8,2019
"1440",2019-08-20,1,1,0,1,8,2019
"1441",2019-08-21,0,0,0,0,8,2019
"1442",2019-08-22,0,0,0,0,8,2019
"1443",2019-08-23,0,0,0,0,8,2019
"1444",2019-08-24,0,0,0,0,8,2019
"1445",2019-08-25,0,0,0,0,8,2019
"1446",2019-08-26,0,0,0,0,8,2019
"1447",2019-08-27,0,0,0,0,8,2019
"1448",2019-08-28,0,0,0,0,8,2019
"1449",2019-08-29,0,0,0,0,8,2019
"1450",2019-08-30,1,1,0,1,8,2019
"1451",2019-08-31,1,1,0,1,8,2019
"1452",2019-09-01,0,0,0,0,9,2019
"1453",2019-09-02,0,0,0,0,9,2019
"1454",2019-09-03,0,0,0,0,9,2019
"1455",2019-09-04,0,0,0,0,9,2019
"1456",2019-09-05,0,0,0,0,9,2019
"1457",2019-09-06,0,0,0,0,9,2019
"1458",2019-09-07,0,0,0,0,9,2019
"1459",2019-09-08,1,0,0,1,9,2019
"1460",2019-09-09,0,0,0,0,9,2019
"1461",2019-09-10,0,0,0,0,9,2019
"1462",2019-09-11,1,1,0,1,9,2019
"1463",2019-09-12,0,0,0,0,9,2019
"1464",2019-09-13,0,0,0,0,9,2019
"1465",2019-09-14,0,0,0,0,9,2019
"1466",2019-09-15,0,0,0,0,9,2019
"1467",2019-09-16,1,1,0,0,9,2019
"1468",2019-09-17,1,1,0,1,9,2019
"1469",2019-09-18,0,0,0,0,9,2019
"1470",2019-09-19,0,0,0,0,9,2019
"1471",2019-09-20,1,1,0,0,9,2019
"1472",2019-09-21,0,0,0,0,9,2019
"1473",2019-09-22,0,0,0,0,9,2019
"1474",2019-09-23,1,1,0,0,9,2019
"1475",2019-09-24,0,0,0,0,9,2019
"1476",2019-09-25,0,0,0,0,9,2019
"1477",2019-09-26,1,0,0,1,9,2019
"1478",2019-09-27,0,0,0,0,9,2019
"1479",2019-09-28,0,0,0,0,9,2019
"1480",2019-09-29,0,0,0,0,9,2019
"1481",2019-09-30,0,0,0,0,9,2019
"1482",2019-10-01,1,1,0,0,10,2019
"1483",2019-10-02,1,1,0,0,10,2019
"1484",2019-10-03,0,0,0,0,10,2019
"1485",2019-10-04,1,1,0,0,10,2019
"1486",2019-10-05,0,0,0,0,10,2019
"1487",2019-10-06,1,1,0,0,10,2019
"1488",2019-10-07,1,1,0,1,10,2019
"1489",2019-10-08,0,0,0,0,10,2019
"1490",2019-10-09,0,0,0,0,10,2019
"1491",2019-10-10,0,0,0,0,10,2019
"1492",2019-10-11,0,0,0,0,10,2019
"1493",2019-10-12,0,0,0,0,10,2019
"1494",2019-10-13,0,0,0,0,10,2019
"1495",2019-10-14,1,1,0,0,10,2019
"1496",2019-10-15,0,0,0,0,10,2019
"1497",2019-10-16,0,0,0,0,10,2019
"1498",2019-10-17,1,0,0,1,10,2019
"1499",2019-10-18,0,0,0,0,10,2019
"1500",2019-10-19,1,1,0,0,10,2019
"1501",2019-10-20,0,0,0,0,10,2019
"1502",2019-10-21,0,0,0,0,10,2019
"1503",2019-10-22,0,0,0,0,10,2019
"1504",2019-10-23,0,0,0,0,10,2019
"1505",2019-10-24,1,1,0,0,10,2019
"1506",2019-10-25,1,0,0,1,10,2019
"1507",2019-10-26,0,0,0,0,10,2019
"1508",2019-10-27,0,0,0,0,10,2019
"1509",2019-10-28,1,1,0,0,10,2019
"1510",2019-10-29,1,1,0,1,10,2019
"1511",2019-10-30,1,1,0,0,10,2019
"1512",2019-10-31,1,0,0,1,10,2019
"1513",2019-11-01,0,0,0,0,11,2019
"1514",2019-11-02,1,0,0,1,11,2019
"1515",2019-11-03,1,1,0,0,11,2019
"1516",2019-11-04,0,0,0,0,11,2019
"1517",2019-11-05,1,0,0,1,11,2019
"1518",2019-11-06,0,0,0,0,11,2019
"1519",2019-11-07,1,1,0,1,11,2019
"1520",2019-11-08,0,0,0,0,11,2019
"1521",2019-11-09,0,0,0,0,11,2019
"1522",2019-11-10,1,1,0,0,11,2019
"1523",2019-11-11,0,0,0,0,11,2019
"1524",2019-11-12,1,1,0,1,11,2019
"1525",2019-11-13,1,1,0,1,11,2019
"1526",2019-11-14,0,0,0,0,11,2019
"1527",2019-11-15,0,0,0,0,11,2019
"1528",2019-11-16,0,0,0,0,11,2019
"1529",2019-11-17,0,0,0,0,11,2019
"1530",2019-11-18,0,0,0,0,11,2019
"1531",2019-11-19,0,0,0,0,11,2019
"1532",2019-11-20,0,0,0,0,11,2019
"1533",2019-11-21,0,0,0,0,11,2019
"1534",2019-11-22,1,1,0,1,11,2019
"1535",2019-11-23,1,0,0,1,11,2019
"1536",2019-11-24,0,0,0,0,11,2019
"1537",2019-11-25,0,0,0,0,11,2019
"1538",2019-11-26,1,1,0,0,11,2019
"1539",2019-11-27,0,0,0,0,11,2019
"1540",2019-11-28,0,0,0,0,11,2019
"1541",2019-11-29,0,0,0,0,11,2019
"1542",2019-11-30,0,0,0,0,11,2019
"1543",2019-12-01,0,0,0,0,12,2019
"1544",2019-12-02,0,0,0,0,12,2019
"1545",2019-12-03,1,1,0,0,12,2019
"1546",2019-12-04,1,1,0,1,12,2019
"1547",2019-12-05,1,1,0,1,12,2019
"1548",2019-12-06,0,0,0,0,12,2019
"1549",2019-12-07,0,0,0,0,12,2019
"1550",2019-12-08,1,1,0,1,12,2019
"1551",2019-12-09,1,0,0,1,12,2019
"1552",2019-12-10,0,0,0,0,12,2019
"1553",2019-12-11,0,0,0,0,12,2019
"1554",2019-12-12,1,1,0,0,12,2019
"1555",2019-12-13,1,1,0,1,12,2019
"1556",2019-12-14,1,1,0,1,12,2019
"1557",2019-12-15,0,0,0,0,12,2019
"1558",2019-12-16,1,1,0,1,12,2019
"1559",2019-12-17,1,1,0,1,12,2019
"1560",2019-12-18,0,0,0,0,12,2019
"1561",2019-12-19,1,1,0,1,12,2019
"1562",2019-12-20,1,1,0,1,12,2019
"1563",2019-12-21,1,0,0,1,12,2019
"1564",2019-12-22,0,0,0,0,12,2019
"1565",2019-12-23,1,1,0,1,12,2019
"1566",2019-12-24,1,1,0,1,12,2019
"1567",2019-12-25,1,0,0,1,12,2019
"1568",2019-12-26,1,1,0,1,12,2019
"1569",2019-12-27,0,0,0,0,12,2019
"1570",2019-12-28,1,1,0,1,12,2019
"1571",2019-12-29,0,0,0,0,12,2019
"1572",2019-12-30,0,0,0,0,12,2019
"1573",2019-12-31,0,0,0,0,12,2019
"1574",2020-01-01,0,0,0,0,1,2020
"1575",2020-01-02,0,0,0,0,1,2020
"1576",2020-01-03,1,1,0,1,1,2020
"1577",2020-01-04,1,1,0,1,1,2020
"1578",2020-01-05,0,0,0,0,1,2020
"1579",2020-01-06,0,0,0,0,1,2020
"1580",2020-01-07,1,1,0,1,1,2020
"1581",2020-01-08,1,0,0,1,1,2020
"1582",2020-01-09,0,0,0,0,1,2020
"1583",2020-01-10,0,0,0,0,1,2020
"1584",2020-01-11,1,1,0,0,1,2020
"1585",2020-01-12,0,0,0,0,1,2020
"1586",2020-01-13,0,0,0,0,1,2020
"1587",2020-01-14,1,0,0,1,1,2020
"1588",2020-01-15,1,1,0,0,1,2020
"1589",2020-01-16,1,1,0,0,1,2020
"1590",2020-01-17,1,1,0,1,1,2020
"1591",2020-01-18,1,1,0,1,1,2020
"1592",2020-01-19,1,1,0,1,1,2020
"1593",2020-01-20,1,1,0,1,1,2020
"1594",2020-01-21,1,1,0,1,1,2020
"1595",2020-01-22,1,1,0,0,1,2020
"1596",2020-01-23,0,0,0,0,1,2020
"1597",2020-01-24,1,1,0,0,1,2020
"1598",2020-01-25,0,0,0,0,1,2020
"1599",2020-01-26,1,1,0,1,1,2020
"1600",2020-01-27,0,0,0,0,1,2020
"1601",2020-01-28,1,0,0,1,1,2020
"1602",2020-01-29,0,0,0,0,1,2020
"1603",2020-01-30,1,1,0,0,1,2020
"1604",2020-01-31,1,0,0,1,1,2020
"1605",2020-02-01,0,0,0,0,2,2020
"1606",2020-02-02,0,0,0,0,2,2020
"1607",2020-02-03,0,0,0,0,2,2020
"1608",2020-02-04,1,1,0,0,2,2020
"1609",2020-02-05,1,0,0,1,2,2020
"1610",2020-02-06,0,0,0,0,2,2020
"1611",2020-02-07,1,1,0,0,2,2020
"1612",2020-02-08,0,0,0,0,2,2020
"1613",2020-02-09,0,0,0,0,2,2020
"1614",2020-02-10,0,0,0,0,2,2020
"1615",2020-02-11,1,1,0,1,2,2020
"1616",2020-02-12,1,1,0,1,2,2020
"1617",2020-02-13,1,1,0,1,2,2020
"1618",2020-02-14,1,1,0,0,2,2020
"1619",2020-02-15,1,1,0,1,2,2020
"1620",2020-02-16,0,0,0,0,2,2020
"1621",2020-02-17,0,0,0,0,2,2020
"1622",2020-02-18,1,1,0,0,2,2020
"1623",2020-02-19,1,1,0,0,2,2020
"1624",2020-02-20,0,0,0,0,2,2020
"1625",2020-02-21,1,0,0,1,2,2020
"1626",2020-02-22,1,1,0,1,2,2020
"1627",2020-02-23,1,1,0,0,2,2020
"1628",2020-02-24,0,0,0,0,2,2020
"1629",2020-02-25,1,1,0,1,2,2020
"1630",2020-02-26,1,1,0,1,2,2020
"1631",2020-02-27,0,0,0,0,2,2020
"1632",2020-02-28,1,1,0,1,2,2020
"1633",2020-02-29,1,0,0,1,2,2020
"1634",2020-03-01,0,0,0,0,3,2020
"1635",2020-03-02,1,1,0,0,3,2020
"1636",2020-03-03,1,1,0,1,3,2020
"1637",2020-03-04,1,1,0,1,3,2020
"1638",2020-03-05,0,0,0,0,3,2020
"1639",2020-03-06,0,0,0,0,3,2020
"1640",2020-03-07,0,0,0,0,3,2020
"1641",2020-03-08,0,0,0,0,3,2020
"1642",2020-03-09,1,1,0,0,3,2020
"1643",2020-03-10,1,1,0,1,3,2020
"1644",2020-03-11,1,1,0,1,3,2020
"1645",2020-03-12,0,0,0,0,3,2020
"1646",2020-03-13,1,0,0,1,3,2020
"1647",2020-03-14,1,0,0,1,3,2020
"1648",2020-03-15,0,0,0,0,3,2020
"1649",2020-03-16,1,1,0,1,3,2020
"1650",2020-03-17,1,1,0,1,3,2020
"1651",2020-03-18,0,0,0,0,3,2020
"1652",2020-03-19,1,1,0,0,3,2020
"1653",2020-03-20,1,1,0,1,3,2020
"1654",2020-03-21,1,1,0,1,3,2020
"1655",2020-03-22,1,1,0,1,3,2020
"1656",2020-03-23,0,0,0,0,3,2020
"1657",2020-03-24,0,0,0,0,3,2020
"1658",2020-03-25,0,0,0,0,3,2020
"1659",2020-03-26,1,1,0,0,3,2020
"1660",2020-03-27,0,0,0,0,3,2020
"1661",2020-03-28,1,1,0,1,3,2020
"1662",2020-03-29,1,0,0,1,3,2020
"1663",2020-03-30,0,0,0,0,3,2020
"1664",2020-03-31,0,0,0,0,3,2020
"1665",2020-04-01,0,0,0,0,4,2020
"1666",2020-04-02,1,1,0,1,4,2020
"1667",2020-04-03,0,0,0,0,4,2020
"1668",2020-04-04,1,1,0,0,4,2020
"1669",2020-04-05,0,0,0,0,4,2020
"1670",2020-04-06,1,1,0,1,4,2020
"1671",2020-04-07,1,1,0,1,4,2020
"1672",2020-04-08,1,1,0,0,4,2020
"1673",2020-04-09,0,0,0,0,4,2020
"1674",2020-04-10,0,0,0,0,4,2020
"1675",2020-04-11,0,0,0,0,4,2020
"1676",2020-04-12,0,0,0,0,4,2020
"1677",2020-04-13,1,1,0,1,4,2020
"1678",2020-04-14,1,1,0,1,4,2020
"1679",2020-04-15,0,0,0,0,4,2020
"1680",2020-04-16,0,0,0,0,4,2020
"1681",2020-04-17,1,1,0,1,4,2020
"1682",2020-04-18,1,1,0,1,4,2020
"1683",2020-04-19,1,1,0,0,4,2020
"1684",2020-04-20,0,0,0,0,4,2020
"1685",2020-04-21,0,0,0,0,4,2020
"1686",2020-04-22,0,0,0,0,4,2020
"1687",2020-04-23,0,0,0,0,4,2020
"1688",2020-04-24,0,0,0,0,4,2020
"1689",2020-04-25,1,0,0,1,4,2020
"1690",2020-04-26,0,0,0,0,4,2020
"1691",2020-04-27,0,0,0,0,4,2020
"1692",2020-04-28,0,0,0,0,4,2020
"1693",2020-04-29,0,0,0,0,4,2020
"1694",2020-04-30,0,0,0,0,4,2020
"1695",2020-05-01,0,0,0,0,5,2020
"1696",2020-05-02,1,1,0,0,5,2020
"1697",2020-05-03,0,0,0,0,5,2020
"1698",2020-05-04,0,0,0,0,5,2020
"1699",2020-05-05,0,0,0,0,5,2020
"1700",2020-05-06,0,0,0,0,5,2020
"1701",2020-05-07,0,0,0,0,5,2020
"1702",2020-05-08,0,0,0,0,5,2020
"1703",2020-05-09,1,1,0,0,5,2020
"1704",2020-05-10,1,1,0,1,5,2020
"1705",2020-05-11,1,0,0,1,5,2020
"1706",2020-05-12,1,1,0,0,5,2020
"1707",2020-05-13,1,1,0,0,5,2020
"1708",2020-05-14,1,1,0,0,5,2020
"1709",2020-05-15,0,0,0,0,5,2020
"1710",2020-05-16,0,0,0,0,5,2020
"1711",2020-05-17,1,1,0,1,5,2020
"1712",2020-05-18,1,1,0,1,5,2020
"1713",2020-05-19,0,0,0,0,5,2020
"1714",2020-05-20,0,0,0,0,5,2020
"1715",2020-05-21,0,0,0,0,5,2020
"1716",2020-05-22,0,0,0,0,5,2020
"1717",2020-05-23,0,0,0,0,5,2020
"1718",2020-05-24,0,0,0,0,5,2020
"1719",2020-05-25,1,1,0,1,5,2020
"1720",2020-05-26,1,1,0,0,5,2020
"1721",2020-05-27,1,1,0,1,5,2020
"1722",2020-05-28,0,0,0,0,5,2020
"1723",2020-05-29,1,1,0,1,5,2020
"1724",2020-05-30,0,0,0,0,5,2020
"1725",2020-05-31,1,1,0,1,5,2020
"1726",2020-06-01,1,1,0,0,6,2020
"1727",2020-06-02,0,0,0,0,6,2020
"1728",2020-06-03,0,0,0,0,6,2020
"1729",2020-06-04,1,1,0,0,6,2020
"1730",2020-06-05,1,1,0,1,6,2020
"1731",2020-06-06,0,0,0,0,6,2020
"1732",2020-06-07,0,0,0,0,6,2020
"1733",2020-06-08,0,0,0,0,6,2020
"1734",2020-06-09,0,0,0,0,6,2020
"1735",2020-06-10,0,0,0,0,6,2020
"1736",2020-06-11,0,0,0,0,6,2020
"1737",2020-06-12,0,0,0,0,6,2020
"1738",2020-06-13,0,0,0,0,6,2020
"1739",2020-06-14,0,0,0,0,6,2020
"1740",2020-06-15,0,0,0,0,6,2020
"1741",2020-06-16,0,0,0,0,6,2020
"1742",2020-06-17,0,0,0,0,6,2020
"1743",2020-06-18,1,1,0,0,6,2020
"1744",2020-06-19,1,1,0,1,6,2020
"1745",2020-06-20,0,0,0,0,6,2020
"1746",2020-06-21,1,1,0,0,6,2020
"1747",2020-06-22,1,1,0,1,6,2020
"1748",2020-06-23,1,1,0,0,6,2020
"1749",2020-06-24,1,1,0,0,6,2020
"1750",2020-06-25,0,0,0,0,6,2020
"1751",2020-06-26,1,1,0,1,6,2020
"1752",2020-06-27,1,1,0,1,6,2020
"1753",2020-06-28,0,0,0,0,6,2020
"1754",2020-06-29,0,0,0,0,6,2020
"1755",2020-06-30,1,1,0,1,6,2020
"1756",2020-07-01,0,0,0,0,7,2020
"1757",2020-07-02,0,0,0,0,7,2020
"1758",2020-07-03,1,1,0,1,7,2020
"1759",2020-07-04,0,0,0,0,7,2020
"1760",2020-07-05,0,0,0,0,7,2020
"1761",2020-07-06,0,0,0,0,7,2020
"1762",2020-07-07,0,0,0,0,7,2020
"1763",2020-07-08,1,1,0,0,7,2020
"1764",2020-07-09,0,0,0,0,7,2020
"1765",2020-07-10,0,0,0,0,7,2020
"1766",2020-07-11,0,0,0,0,7,2020
"1767",2020-07-12,0,0,0,0,7,2020
"1768",2020-07-13,0,0,0,0,7,2020
"1769",2020-07-14,0,0,0,0,7,2020
"1770",2020-07-15,0,0,0,0,7,2020
"1771",2020-07-16,1,1,0,1,7,2020
"1772",2020-07-17,1,1,0,1,7,2020
"1773",2020-07-18,0,0,0,0,7,2020
"1774",2020-07-19,1,1,0,0,7,2020
"1775",2020-07-20,1,1,0,1,7,2020
"1776",2020-07-21,0,0,0,0,7,2020
"1777",2020-07-22,0,0,0,0,7,2020
"1778",2020-07-23,0,0,0,0,7,2020
"1779",2020-07-24,0,0,0,0,7,2020
"1780",2020-07-25,1,1,0,1,7,2020
"1781",2020-07-26,0,0,0,0,7,2020
"1782",2020-07-27,1,0,0,1,7,2020
"1783",2020-07-28,0,0,0,0,7,2020
"1784",2020-07-29,0,0,0,0,7,2020
"1785",2020-07-30,1,1,0,0,7,2020
"1786",2020-07-31,1,1,0,0,7,2020
"1787",2020-08-01,1,0,0,1,8,2020
"1788",2020-08-02,0,0,0,0,8,2020
"1789",2020-08-03,0,0,0,0,8,2020
"1790",2020-08-10,0,0,0,0,8,2020
"1791",2020-08-11,1,1,0,0,8,2020
"1792",2020-08-12,0,0,0,0,8,2020
"1793",2020-08-13,0,0,0,0,8,2020
"1794",2020-08-17,0,0,0,0,8,2020
"1795",2020-08-18,0,0,0,0,8,2020
"1796",2020-08-19,0,0,0,0,8,2020
"1797",2020-08-20,0,0,0,0,8,2020
"1798",2020-08-21,0,0,0,0,8,2020
"1799",2020-08-22,0,0,0,0,8,2020
"1800",2020-08-23,0,0,0,0,8,2020
"1801",2020-08-24,1,1,0,1,8,2020
"1802",2020-08-25,0,0,0,0,8,2020
"1803",2020-08-26,0,0,0,0,8,2020
"1804",2020-08-27,0,0,0,0,8,2020
"1805",2020-08-28,0,0,0,0,8,2020
"1806",2020-08-29,0,0,0,0,8,2020
"1807",2020-08-30,0,0,0,0,8,2020
"1808",2020-08-31,0,0,0,0,8,2020
"1809",2020-09-01,1,1,0,0,9,2020
"1810",2020-09-02,1,1,0,1,9,2020
"1811",2020-09-03,1,1,0,0,9,2020
"1812",2020-09-04,1,0,0,1,9,2020
"1813",2020-09-05,0,0,0,0,9,2020
"1814",2020-09-06,0,0,0,0,9,2020
"1815",2020-09-07,0,0,0,0,9,2020
"1816",2020-09-08,0,0,0,0,9,2020
"1817",2020-09-09,0,0,0,0,9,2020
"1818",2020-09-10,0,0,0,0,9,2020
"1819",2020-09-11,1,1,0,1,9,2020
"1820",2020-09-12,1,1,0,0,9,2020
"1821",2020-09-13,1,1,0,0,9,2020
"1822",2020-09-14,1,1,0,1,9,2020
"1823",2020-09-15,1,0,0,1,9,2020
"1824",2020-09-16,0,0,0,0,9,2020
"1825",2020-09-17,0,0,0,0,9,2020
"1826",2020-09-18,0,0,0,0,9,2020
"1827",2020-09-19,0,0,0,0,9,2020
"1828",2020-09-20,0,0,0,0,9,2020
"1829",2020-09-21,0,0,0,0,9,2020
"1830",2020-09-22,0,0,0,0,9,2020
"1831",2020-09-23,0,0,0,0,9,2020
"1832",2020-09-24,1,1,0,1,9,2020
"1833",2020-09-25,1,0,0,1,9,2020
"1834",2020-09-26,0,0,0,0,9,2020
"1835",2020-09-27,0,0,0,0,9,2020
"1836",2020-09-28,0,0,0,0,9,2020
"1837",2020-09-29,0,0,0,0,9,2020
"1838",2020-09-30,0,0,0,0,9,2020
"1839",2020-10-01,1,1,0,0,10,2020
"1840",2020-10-02,0,0,0,0,10,2020
"1841",2020-10-03,0,0,0,0,10,2020
"1842",2020-10-04,0,0,0,0,10,2020
"1843",2020-10-05,0,0,0,0,10,2020
"1844",2020-10-06,0,0,0,0,10,2020
"1845",2020-10-07,0,0,0,0,10,2020
"1846",2020-10-08,0,0,0,0,10,2020
"1847",2020-10-09,0,0,0,0,10,2020
"1848",2020-10-10,1,1,0,0,10,2020
"1849",2020-10-11,0,0,0,0,10,2020
"1850",2020-10-12,0,0,0,0,10,2020
"1851",2020-10-13,0,0,0,0,10,2020
"1852",2020-10-14,0,0,0,0,10,2020
"1853",2020-10-15,1,1,0,1,10,2020
"1854",2020-10-16,0,0,0,0,10,2020
"1855",2020-10-17,1,1,0,0,10,2020
"1856",2020-10-18,1,1,0,1,10,2020
"1857",2020-10-19,1,1,0,1,10,2020
"1858",2020-10-20,0,0,0,0,10,2020
"1859",2020-10-21,1,0,0,1,10,2020
"1860",2020-10-22,0,0,0,0,10,2020
"1861",2020-10-23,0,0,0,0,10,2020
"1862",2020-10-24,1,1,0,0,10,2020
"1863",2020-10-25,1,1,0,1,10,2020
"1864",2020-10-26,1,1,0,1,10,2020
"1865",2020-10-27,1,1,0,1,10,2020
"1866",2020-10-28,1,0,0,1,10,2020
"1867",2020-10-29,0,0,0,0,10,2020
"1868",2020-10-30,0,0,0,0,10,2020
"1869",2020-10-31,1,1,0,0,10,2020
"1870",2020-11-01,1,0,0,1,11,2020
"1871",2020-11-02,0,0,0,0,11,2020
"1872",2020-11-03,1,1,0,0,11,2020
"1873",2020-11-04,1,1,0,0,11,2020
"1874",2020-11-05,1,1,0,1,11,2020
"1875",2020-11-06,0,0,0,0,11,2020
"1876",2020-11-07,0,0,0,0,11,2020
"1877",2020-11-08,0,0,0,0,11,2020
"1878",2020-11-09,1,1,0,0,11,2020
"1879",2020-11-10,0,0,0,0,11,2020
"1880",2020-11-11,0,0,0,0,11,2020
"1881",2020-11-12,0,0,0,0,11,2020
"1882",2020-11-13,0,0,0,0,11,2020
"1883",2020-11-14,0,0,0,0,11,2020
"1884",2020-11-15,1,1,0,0,11,2020
"1885",2020-11-16,0,0,0,0,11,2020
"1886",2020-11-17,0,0,0,0,11,2020
"1887",2020-11-18,1,1,0,0,11,2020
"1888",2020-11-19,1,1,0,1,11,2020
"1889",2020-11-20,1,1,0,0,11,2020
"1890",2020-11-21,0,0,0,0,11,2020
"1891",2020-11-22,0,0,0,0,11,2020
"1892",2020-11-23,0,0,0,0,11,2020
"1893",2020-11-24,0,0,0,0,11,2020
"1894",2020-11-25,0,0,0,0,11,2020
"1895",2020-11-26,0,0,0,0,11,2020
"1896",2020-11-27,0,0,0,0,11,2020
"1897",2020-11-28,0,0,0,0,11,2020
"1898",2020-11-29,0,0,0,0,11,2020
"1899",2020-11-30,0,0,0,0,11,2020
"1900",2020-12-01,0,0,0,0,12,2020
"1901",2020-12-02,1,1,0,0,12,2020
"1902",2020-12-03,1,1,0,0,12,2020
"1903",2020-12-04,1,1,0,1,12,2020
"1904",2020-12-05,1,0,0,1,12,2020
"1905",2020-12-06,0,0,0,0,12,2020
"1906",2020-12-07,0,0,0,0,12,2020
"1907",2020-12-08,0,0,0,0,12,2020
"1908",2020-12-09,1,1,0,0,12,2020
"1909",2020-12-10,1,0,0,1,12,2020
"1910",2020-12-11,0,0,0,0,12,2020
"1911",2020-12-12,1,1,0,0,12,2020
"1912",2020-12-13,1,1,0,1,12,2020
"1913",2020-12-14,1,1,0,1,12,2020
"1914",2020-12-15,0,0,0,0,12,2020
"1915",2020-12-16,0,0,0,0,12,2020
"1916",2020-12-17,0,0,0,0,12,2020
"1917",2020-12-18,1,1,0,0,12,2020
"1918",2020-12-19,1,1,0,1,12,2020
"1919",2020-12-20,1,1,0,1,12,2020
"1920",2020-12-21,0,0,0,0,12,2020
"1921",2020-12-22,0,0,0,0,12,2020
"1922",2020-12-23,0,0,0,0,12,2020
"1923",2020-12-24,0,0,0,0,12,2020
"1924",2020-12-25,1,1,0,1,12,2020
"1925",2020-12-26,1,1,0,1,12,2020
"1926",2020-12-27,0,0,0,0,12,2020
"1927",2020-12-28,0,0,0,0,12,2020
"1928",2020-12-29,1,1,0,0,12,2020
"1929",2020-12-30,1,1,0,0,12,2020
"1930",2020-12-31,0,0,0,0,12,2020
"1931",2021-01-01,1,0,0,1,1,2021
"1932",2021-01-02,0,0,0,0,1,2021
"1933",2021-01-03,0,0,0,0,1,2021
"1934",2021-01-04,1,0,0,1,1,2021
"1935",2021-01-05,1,1,0,1,1,2021
"1936",2021-01-06,1,0,0,1,1,2021
"1937",2021-01-07,1,1,0,0,1,2021
"1938",2021-01-08,1,1,0,0,1,2021
"1939",2021-01-09,1,1,0,0,1,2021
"1940",2021-01-10,1,1,0,1,1,2021
"1941",2021-01-11,1,1,0,0,1,2021
"1942",2021-01-12,1,1,0,0,1,2021
"1943",2021-01-13,1,1,0,1,1,2021
"1944",2021-01-14,1,1,0,0,1,2021
"1945",2021-01-15,1,1,0,1,1,2021
"1946",2021-01-16,1,1,0,1,1,2021
"1947",2021-01-17,1,1,0,0,1,2021
"1948",2021-01-18,0,0,0,0,1,2021
"1949",2021-01-19,0,0,0,0,1,2021
"1950",2021-01-20,1,1,0,0,1,2021
"1951",2021-01-21,1,1,0,0,1,2021
"1952",2021-01-22,1,1,0,1,1,2021
"1953",2021-01-23,0,0,0,0,1,2021
"1954",2021-01-24,1,1,0,0,1,2021
"1955",2021-01-25,1,1,0,1,1,2021
"1956",2021-01-26,0,0,0,0,1,2021
"1957",2021-01-27,0,0,0,0,1,2021
"1958",2021-01-28,0,0,0,0,1,2021
"1959",2021-01-29,1,1,0,1,1,2021
"1960",2021-01-30,1,1,0,1,1,2021
"1961",2021-01-31,1,1,0,1,1,2021
"1962",2021-02-01,1,1,0,1,2,2021
"1963",2021-02-02,0,0,0,0,2,2021
"1964",2021-02-03,1,1,0,0,2,2021
"1965",2021-02-04,1,1,0,0,2,2021
"1966",2021-02-05,1,1,0,1,2,2021
"1967",2021-02-06,1,1,0,1,2,2021
"1968",2021-02-07,0,0,0,0,2,2021
"1969",2021-02-08,1,1,0,0,2,2021
"1970",2021-02-09,1,1,0,0,2,2021
"1971",2021-02-10,0,0,0,0,2,2021
"1972",2021-02-11,1,1,0,0,2,2021
"1973",2021-02-12,0,0,0,0,2,2021
"1974",2021-02-13,1,0,0,1,2,2021
"1975",2021-02-14,0,0,0,0,2,2021
"1976",2021-02-15,0,0,0,0,2,2021
"1977",2021-02-16,0,0,0,0,2,2021
"1978",2021-02-17,0,0,0,0,2,2021
"1979",2021-02-18,0,0,0,0,2,2021
"1980",2021-02-19,0,0,0,0,2,2021
"1981",2021-02-20,0,0,0,0,2,2021
"1982",2021-02-21,0,0,0,0,2,2021
"1983",2021-02-22,0,0,0,0,2,2021
"1984",2021-02-23,0,0,0,0,2,2021
"1985",2021-02-24,0,0,0,0,2,2021
"1986",2021-02-25,1,1,0,0,2,2021
"1987",2021-02-26,1,0,0,1,2,2021
"1988",2021-02-27,0,0,0,0,2,2021
"1989",2021-02-28,0,0,0,0,2,2021
"1990",2021-03-01,0,0,0,0,3,2021
"1991",2021-03-02,0,0,0,0,3,2021
"1992",2021-03-03,0,0,0,0,3,2021
"1993",2021-03-04,0,0,0,0,3,2021
"1994",2021-03-05,1,1,0,0,3,2021
"1995",2021-03-06,1,1,0,1,3,2021
"1996",2021-03-07,0,0,0,0,3,2021
"1997",2021-03-08,0,0,0,0,3,2021
"1998",2021-03-09,0,0,0,0,3,2021
"1999",2021-03-10,1,1,0,1,3,2021
"2000",2021-03-11,1,1,0,1,3,2021
"2001",2021-03-12,0,0,0,0,3,2021
"2002",2021-03-13,0,0,0,0,3,2021
"2003",2021-03-14,0,0,0,0,3,2021
"2004",2021-03-15,0,0,0,0,3,2021
"2005",2021-03-16,0,0,0,0,3,2021
"2006",2021-03-17,0,0,0,0,3,2021
"2007",2021-03-18,0,0,0,0,3,2021
"2008",2021-03-19,0,0,0,0,3,2021
"2009",2021-03-20,1,1,0,0,3,2021
"2010",2021-03-21,1,1,0,1,3,2021
"2011",2021-03-22,0,0,0,0,3,2021
"2012",2021-03-23,0,0,0,0,3,2021
"2013",2021-03-24,0,0,0,0,3,2021
"2014",2021-03-25,0,0,0,0,3,2021
"2015",2021-03-26,0,0,0,0,3,2021
"2016",2021-03-27,0,0,0,0,3,2021
"2017",2021-03-28,0,0,0,0,3,2021
"2018",2021-03-29,0,0,0,0,3,2021
"2019",2021-03-30,1,1,0,0,3,2021
"2020",2021-03-31,1,0,0,1,3,2021
"2021",2021-04-01,1,1,0,1,4,2021
"2022",2021-04-02,1,0,0,1,4,2021
"2023",2021-04-03,1,0,0,1,4,2021
"2024",2021-04-04,1,0,0,1,4,2021
"2025",2021-04-05,0,0,0,0,4,2021
"2026",2021-04-06,1,1,0,1,4,2021
"2027",2021-04-07,0,0,0,0,4,2021
"2028",2021-04-08,1,1,0,1,4,2021
"2029",2021-04-09,1,1,0,0,4,2021
"2030",2021-04-10,1,1,0,0,4,2021
"2031",2021-04-11,0,0,0,0,4,2021
"2032",2021-04-12,1,1,0,1,4,2021
"2033",2021-04-13,1,1,0,0,4,2021
"2034",2021-04-14,0,0,0,0,4,2021
"2035",2021-04-15,1,1,0,1,4,2021
"2036",2021-04-16,0,0,0,0,4,2021
"2037",2021-04-17,0,0,0,0,4,2021
"2038",2021-04-18,0,0,0,0,4,2021
"2039",2021-04-19,0,0,0,0,4,2021
"2040",2021-04-20,0,0,0,0,4,2021
"2041",2021-04-21,1,1,0,0,4,2021
"2042",2021-04-22,1,1,0,1,4,2021
"2043",2021-04-23,0,0,0,0,4,2021
"2044",2021-04-24,1,1,0,1,4,2021
"2045",2021-04-25,1,0,0,1,4,2021
"2046",2021-04-26,1,1,0,1,4,2021
"2047",2021-04-27,0,0,0,0,4,2021
"2048",2021-04-28,1,1,0,0,4,2021
"2049",2021-04-29,1,1,0,0,4,2021
"2050",2021-04-30,0,0,0,0,4,2021
"2051",2021-05-01,0,0,0,0,5,2021
"2052",2021-05-02,0,0,0,0,5,2021
"2053",2021-05-03,0,0,0,0,5,2021
"2054",2021-05-04,0,0,0,0,5,2021
"2055",2021-05-05,0,0,0,0,5,2021
"2056",2021-05-06,0,0,0,0,5,2021
"2057",2021-05-07,0,0,0,0,5,2021
"2058",2021-05-08,1,1,0,0,5,2021
"2059",2021-05-09,0,0,0,0,5,2021
"2060",2021-05-10,1,1,0,0,5,2021
"2061",2021-05-11,1,0,0,1,5,2021
"2062",2021-05-12,0,0,0,0,5,2021
"2063",2021-05-13,0,0,0,0,5,2021
"2064",2021-05-14,1,0,0,1,5,2021
"2065",2021-05-15,0,0,0,0,5,2021
"2066",2021-05-16,1,1,0,0,5,2021
"2067",2021-05-17,1,1,0,1,5,2021
"2068",2021-05-18,0,0,0,0,5,2021
"2069",2021-05-19,0,0,0,0,5,2021
"2070",2021-05-20,0,0,0,0,5,2021
"2071",2021-05-21,0,0,0,0,5,2021
"2072",2021-05-22,1,1,0,1,5,2021
"2073",2021-05-23,1,1,0,0,5,2021
"2074",2021-05-24,1,1,0,1,5,2021
"2075",2021-05-25,0,0,0,0,5,2021
"2076",2021-05-26,0,0,0,0,5,2021
"2077",2021-05-27,0,0,0,0,5,2021
"2078",2021-05-28,0,0,0,0,5,2021
"2079",2021-05-29,0,0,0,0,5,2021
"2080",2021-05-30,0,0,0,0,5,2021
"2081",2021-05-31,0,0,0,0,5,2021
"2082",2021-06-01,1,0,0,1,6,2021
"2083",2021-06-02,0,0,0,0,6,2021
"2084",2021-06-03,0,0,0,0,6,2021
"2085",2021-06-04,0,0,0,0,6,2021
"2086",2021-06-05,0,0,0,0,6,2021
"2087",2021-06-06,0,0,0,0,6,2021
"2088",2021-06-07,0,0,0,0,6,2021
"2089",2021-06-08,0,0,0,0,6,2021
"2090",2021-06-09,0,0,0,0,6,2021
"2091",2021-06-10,1,1,0,1,6,2021
"2092",2021-06-11,1,1,0,1,6,2021
"2093",2021-06-12,1,0,0,1,6,2021
"2094",2021-06-13,0,0,0,0,6,2021
"2095",2021-06-14,0,0,0,0,6,2021
"2096",2021-06-15,0,0,0,0,6,2021
"2097",2021-06-16,0,0,0,0,6,2021
"2098",2021-06-17,0,0,0,0,6,2021
"2099",2021-06-18,0,0,0,0,6,2021
"2100",2021-06-19,1,1,0,0,6,2021
"2101",2021-06-20,1,1,0,1,6,2021
"2102",2021-06-21,1,1,0,1,6,2021
"2103",2021-06-22,0,0,0,0,6,2021
"2104",2021-06-23,1,1,0,1,6,2021
"2105",2021-06-24,0,0,0,0,6,2021
"2106",2021-06-29,0,0,0,0,6,2021
"2107",2021-06-30,0,0,0,0,6,2021
"2108",2021-07-06,0,0,0,0,7,2021
"2109",2021-07-07,0,0,0,0,7,2021
"2110",2021-07-08,0,0,0,0,7,2021
"2111",2021-07-09,0,0,0,0,7,2021
"2112",2021-07-10,0,0,0,0,7,2021
"2113",2021-07-11,0,0,0,0,7,2021
"2114",2021-07-12,0,0,0,0,7,2021
"2115",2021-07-13,0,0,0,0,7,2021
"2116",2021-07-14,1,1,0,1,7,2021
"2117",2021-07-15,1,1,0,1,7,2021
"2118",2021-07-16,0,0,0,0,7,2021
"2119",2021-07-17,0,0,0,0,7,2021
"2120",2021-07-18,1,1,0,0,7,2021
"2121",2021-07-19,0,0,0,0,7,2021
"2122",2021-07-20,0,0,0,0,7,2021
"2123",2021-07-21,0,0,0,0,7,2021
"2124",2021-07-22,0,0,0,0,7,2021
"2125",2021-07-23,0,0,0,0,7,2021
"2126",2021-07-24,0,0,0,0,7,2021
"2127",2021-07-25,0,0,0,0,7,2021
"2128",2021-07-26,0,0,0,0,7,2021
"2129",2021-07-27,0,0,0,0,7,2021
"2130",2021-07-28,0,0,0,0,7,2021
"2131",2021-07-29,0,0,0,0,7,2021
"2132",2021-07-30,0,0,0,0,7,2021
"2133",2021-07-31,0,0,0,0,7,2021
"2134",2021-08-01,1,1,0,1,8,2021
"2135",2021-08-02,1,1,0,1,8,2021
"2136",2021-08-03,0,0,0,0,8,2021
"2137",2021-08-04,0,0,0,0,8,2021
"2138",2021-08-05,0,0,0,0,8,2021
"2139",2021-08-06,0,0,0,0,8,2021
"2140",2021-08-07,0,0,0,0,8,2021
"2141",2021-08-08,0,0,0,0,8,2021
"2142",2021-08-09,0,0,0,0,8,2021
"2143",2021-08-10,1,0,0,1,8,2021
"2144",2021-08-11,0,0,0,0,8,2021
"2145",2021-08-12,0,0,0,0,8,2021
"2146",2021-08-13,0,0,0,0,8,2021
"2147",2021-08-14,0,0,0,0,8,2021
"2148",2021-08-15,0,0,0,0,8,2021
"2149",2021-08-16,0,0,0,0,8,2021
"2150",2021-08-17,0,0,0,0,8,2021
"2151",2021-08-18,0,0,0,0,8,2021
"2152",2021-08-19,0,0,0,0,8,2021
"2153",2021-08-20,0,0,0,0,8,2021
"2154",2021-08-21,1,0,0,1,8,2021
"2155",2021-08-22,0,0,0,0,8,2021
"2156",2021-08-23,1,1,0,1,8,2021
"2157",2021-08-24,0,0,0,0,8,2021
"2158",2021-08-25,0,0,0,0,8,2021
"2159",2021-08-26,1,1,0,0,8,2021
"2160",2021-08-27,0,0,0,0,8,2021
"2161",2021-08-28,0,0,0,0,8,2021
"2162",2021-08-29,1,1,0,0,8,2021
"2163",2021-08-30,1,1,0,1,8,2021
"2164",2021-08-31,1,1,0,1,8,2021
"2165",2021-09-01,1,1,0,0,9,2021
"2166",2021-09-02,0,0,0,0,9,2021
"2167",2021-09-03,1,1,0,1,9,2021
"2168",2021-09-04,1,1,0,1,9,2021
"2169",2021-09-05,1,1,0,1,9,2021
"2170",2021-09-06,0,0,0,0,9,2021
"2171",2021-09-07,1,1,0,1,9,2021
"2172",2021-09-08,0,0,0,0,9,2021
"2173",2021-09-09,0,0,0,0,9,2021
"2174",2021-09-10,0,0,0,0,9,2021
"2175",2021-09-11,0,0,0,0,9,2021
"2176",2021-09-12,0,0,0,0,9,2021
"2177",2021-09-13,0,0,0,0,9,2021
"2178",2021-09-14,0,0,0,0,9,2021
"2179",2021-09-15,0,0,0,0,9,2021
"2180",2021-09-16,0,0,0,0,9,2021
"2181",2021-09-17,1,1,0,0,9,2021
"2182",2021-09-18,1,0,0,1,9,2021
"2183",2021-09-20,0,0,0,0,9,2021
"2184",2021-09-21,0,0,0,0,9,2021
"2185",2021-09-22,0,0,0,0,9,2021
"2186",2021-09-23,0,0,0,0,9,2021
"2187",2021-09-24,0,0,0,0,9,2021
"2188",2021-09-25,0,0,0,0,9,2021
"2189",2021-09-26,0,0,0,0,9,2021
"2190",2021-09-27,0,0,0,0,9,2021
"2191",2021-09-28,0,0,0,0,9,2021
"2192",2021-09-29,0,0,0,0,9,2021
"2193",2021-09-30,0,0,0,0,9,2021
"2194",2021-10-01,0,0,0,0,10,2021
"2195",2021-10-02,0,0,0,0,10,2021
"2196",2021-10-03,0,0,0,0,10,2021
"2197",2021-10-04,0,0,0,0,10,2021
"2198",2021-10-05,0,0,0,0,10,2021
"2199",2021-10-06,0,0,0,0,10,2021
"2200",2021-10-07,0,0,0,0,10,2021
"2201",2021-10-08,0,0,0,0,10,2021
"2202",2021-10-09,0,0,0,0,10,2021
"2203",2021-10-10,0,0,0,0,10,2021
"2204",2021-10-11,0,0,0,0,10,2021
"2205",2021-10-12,0,0,0,0,10,2021
"2206",2021-10-13,1,1,0,0,10,2021
"2207",2021-10-14,0,0,0,0,10,2021
"2208",2021-10-15,0,0,0,0,10,2021
"2209",2021-10-16,0,0,0,0,10,2021
"2210",2021-10-17,0,0,0,0,10,2021
"2211",2021-10-18,1,1,0,0,10,2021
"2212",2021-10-19,0,0,0,0,10,2021
"2213",2021-10-20,0,0,0,0,10,2021
"2214",2021-10-21,1,1,0,0,10,2021
"2215",2021-10-22,1,1,0,0,10,2021
"2216",2021-10-23,1,1,0,0,10,2021
"2217",2021-10-24,0,0,0,0,10,2021
"2218",2021-10-25,0,0,0,0,10,2021
"2219",2021-10-26,0,0,0,0,10,2021
"2220",2021-10-27,0,0,0,0,10,2021
"2221",2021-10-28,1,1,0,0,10,2021
"2222",2021-10-29,1,0,0,1,10,2021
"2223",2021-10-30,1,1,0,1,10,2021
"2224",2021-10-31,1,1,0,1,10,2021
"2225",2021-11-01,1,1,0,0,11,2021
"2226",2021-11-02,1,1,0,1,11,2021
"2227",2021-11-03,1,1,0,1,11,2021
"2228",2021-11-04,1,1,0,1,11,2021
"2229",2021-11-05,1,1,0,1,11,2021
"2230",2021-11-06,1,0,0,1,11,2021
"2231",2021-11-07,0,0,0,0,11,2021
"2232",2021-11-08,0,0,0,0,11,2021
"2233",2021-11-09,0,0,0,0,11,2021
"2234",2021-11-10,1,0,0,1,11,2021
"2235",2021-11-11,1,1,0,0,11,2021
"2236",2021-11-12,1,1,0,1,11,2021
"2237",2021-11-13,1,1,0,1,11,2021
"2238",2021-11-14,0,0,0,0,11,2021
"2239",2021-11-15,0,0,0,0,11,2021
"2240",2021-11-16,1,0,0,1,11,2021
"2241",2021-11-17,1,0,0,1,11,2021
"2242",2021-11-18,1,1,0,0,11,2021
"2243",2021-11-19,1,0,0,1,11,2021
"2244",2021-11-20,0,0,0,0,11,2021
"2245",2021-11-21,1,1,0,1,11,2021
"2246",2021-11-22,1,1,0,1,11,2021
"2247",2021-11-23,1,1,0,1,11,2021
"2248",2021-11-24,1,1,0,1,11,2021
"2249",2021-11-25,1,1,0,1,11,2021
"2250",2021-11-26,1,1,0,0,11,2021
"2251",2021-11-27,0,0,0,0,11,2021
"2252",2021-11-28,0,0,0,0,11,2021
"2253",2021-11-29,0,0,0,0,11,2021
"2254",2021-11-30,1,1,0,0,11,2021
"2255",2021-12-01,1,1,0,1,12,2021
"2256",2021-12-02,1,1,0,1,12,2021
"2257",2021-12-03,1,0,0,1,12,2021
"2258",2021-12-04,0,0,0,0,12,2021
"2259",2021-12-05,1,1,0,1,12,2021
"2260",2021-12-06,1,1,0,0,12,2021
"2261",2021-12-07,0,0,0,0,12,2021
"2262",2021-12-08,1,1,0,0,12,2021
"2263",2021-12-09,1,1,0,1,12,2021
"2264",2021-12-10,1,1,0,0,12,2021
"2265",2021-12-11,0,0,0,0,12,2021
"2266",2021-12-12,0,0,0,0,12,2021
"2267",2021-12-13,0,0,0,0,12,2021
"2268",2021-12-14,1,0,0,1,12,2021
"2269",2021-12-15,0,0,0,0,12,2021
"2270",2021-12-16,0,0,0,0,12,2021
"2271",2021-12-17,1,1,0,0,12,2021
"2272",2021-12-18,1,1,0,0,12,2021
"2273",2021-12-19,0,0,0,0,12,2021
"2274",2021-12-20,0,0,0,0,12,2021
"2275",2021-12-21,1,1,0,0,12,2021
"2276",2021-12-22,0,0,0,0,12,2021
"2277",2021-12-23,0,0,0,0,12,2021
"2278",2021-12-24,1,1,0,1,12,2021
"2279",2021-12-25,1,1,0,0,12,2021
"2280",2021-12-26,1,1,0,0,12,2021
"2281",2021-12-27,1,1,0,1,12,2021
"2282",2021-12-28,1,1,0,1,12,2021
"2283",2021-12-29,1,1,0,1,12,2021
"2284",2021-12-30,1,1,0,0,12,2021
"2285",2021-12-31,0,0,0,0,12,2021
"2286",2022-01-01,1,1,0,0,1,2022
"2287",2022-01-02,0,0,0,0,1,2022
"2288",2022-01-03,1,1,0,1,1,2022
"2289",2022-01-04,1,1,0,1,1,2022
"2290",2022-01-05,1,1,0,1,1,2022
"2291",2022-01-06,1,1,0,0,1,2022
"2292",2022-01-07,1,1,0,0,1,2022
"2293",2022-01-08,1,1,0,1,1,2022
"2294",2022-01-09,0,0,0,0,1,2022
"2295",2022-01-10,0,0,0,0,1,2022
"2296",2022-01-11,1,1,0,1,1,2022
"2297",2022-01-12,1,1,0,1,1,2022
"2298",2022-01-13,1,1,0,1,1,2022
"2299",2022-01-14,1,1,0,0,1,2022
"2300",2022-01-15,0,0,0,0,1,2022
"2301",2022-01-16,1,1,0,0,1,2022
"2302",2022-01-17,0,0,0,0,1,2022
"2303",2022-01-18,1,1,0,1,1,2022
"2304",2022-01-19,1,1,0,1,1,2022
"2305",2022-01-20,0,0,0,0,1,2022
"2306",2022-01-21,0,0,0,0,1,2022
"2307",2022-01-22,1,1,0,0,1,2022
"2308",2022-01-23,1,1,0,1,1,2022
"2309",2022-01-24,1,1,0,1,1,2022
"2310",2022-01-25,0,0,0,0,1,2022
"2311",2022-01-26,1,1,0,0,1,2022
"2312",2022-01-27,1,1,0,1,1,2022
"2313",2022-01-28,1,1,0,1,1,2022
"2314",2022-01-29,1,1,0,0,1,2022
"2315",2022-01-30,0,0,0,0,1,2022
"2316",2022-01-31,0,0,0,0,1,2022
"2317",2022-02-01,0,0,0,0,2,2022
"2318",2022-02-02,0,0,0,0,2,2022
"2319",2022-02-03,0,0,0,0,2,2022
"2320",2022-02-04,0,0,0,0,2,2022
"2321",2022-02-05,0,0,0,0,2,2022
"2322",2022-02-06,0,0,0,0,2,2022
"2323",2022-02-07,0,0,0,0,2,2022
"2324",2022-02-08,1,0,0,1,2,2022
"2325",2022-02-09,0,0,0,0,2,2022
"2326",2022-02-10,1,0,0,1,2,2022
"2327",2022-02-11,0,0,0,0,2,2022
"2328",2022-02-12,1,1,0,0,2,2022
"2329",2022-02-13,1,1,0,1,2,2022
"2330",2022-02-14,0,0,0,0,2,2022
"2331",2022-02-15,0,0,0,0,2,2022
"2332",2022-02-16,0,0,0,0,2,2022
"2333",2022-02-17,1,0,0,1,2,2022
"2334",2022-02-18,1,1,0,1,2,2022
"2335",2022-02-19,1,1,0,1,2,2022
"2336",2022-02-20,1,1,0,1,2,2022
"2337",2022-02-21,0,0,0,0,2,2022
"2338",2022-02-22,0,0,0,0,2,2022
"2339",2022-02-23,0,0,0,0,2,2022
"2340",2022-02-24,0,0,0,0,2,2022
"2341",2022-02-25,0,0,0,0,2,2022
"2342",2022-02-26,1,1,0,0,2,2022
"2343",2022-02-27,1,1,0,1,2,2022
"2344",2022-02-28,0,0,0,0,2,2022
"2345",2022-03-01,1,1,0,1,3,2022
"2346",2022-03-02,1,0,0,1,3,2022
"2347",2022-03-03,0,0,0,0,3,2022
"2348",2022-03-04,0,0,0,0,3,2022
"2349",2022-03-05,0,0,0,0,3,2022
"2350",2022-03-06,0,0,0,0,3,2022
"2351",2022-03-07,0,0,0,0,3,2022
"2352",2022-03-08,1,1,0,0,3,2022
"2353",2022-03-09,0,0,0,0,3,2022
"2354",2022-03-10,0,0,0,0,3,2022
"2355",2022-03-11,0,0,0,0,3,2022
"2356",2022-03-12,0,0,0,0,3,2022
"2357",2022-03-13,1,1,0,1,3,2022
"2358",2022-03-14,0,0,0,0,3,2022
"2359",2022-03-15,1,1,0,1,3,2022
"2360",2022-03-16,1,0,0,1,3,2022
"2361",2022-03-17,0,0,0,0,3,2022
"2362",2022-03-18,0,0,0,0,3,2022
"2363",2022-03-19,0,0,0,0,3,2022
"2364",2022-03-20,1,0,0,1,3,2022
"2365",2022-03-21,0,0,0,0,3,2022
"2366",2022-03-22,0,0,0,0,3,2022
"2367",2022-03-23,0,0,0,0,3,2022
"2368",2022-03-24,0,0,0,0,3,2022
"2369",2022-03-25,0,0,0,0,3,2022
"2370",2022-03-26,0,0,0,0,3,2022
"2371",2022-03-27,0,0,0,0,3,2022
"2372",2022-03-28,1,1,0,0,3,2022
"2373",2022-03-29,0,0,0,0,3,2022
"2374",2022-03-30,0,0,0,0,3,2022
"2375",2022-03-31,0,0,0,0,3,2022
"2376",2022-04-01,0,0,0,0,4,2022
"2377",2022-04-02,1,1,0,0,4,2022
"2378",2022-04-03,1,0,0,1,4,2022
"2379",2022-04-04,0,0,0,0,4,2022
"2380",2022-04-05,0,0,0,0,4,2022
"2381",2022-04-06,1,1,0,1,4,2022
"2382",2022-04-07,1,1,0,1,4,2022
"2383",2022-04-08,0,0,0,0,4,2022
"2384",2022-04-09,0,0,0,0,4,2022
"2385",2022-04-10,0,0,0,0,4,2022
"2386",2022-04-11,1,1,0,0,4,2022
"2387",2022-04-12,0,0,0,0,4,2022
"2388",2022-04-13,0,0,0,0,4,2022
"2389",2022-04-14,0,0,0,0,4,2022
"2390",2022-04-15,1,0,0,1,4,2022
"2391",2022-04-16,0,0,0,0,4,2022
"2392",2022-04-17,0,0,0,0,4,2022
"2393",2022-04-18,1,1,0,1,4,2022
"2394",2022-04-19,0,0,0,0,4,2022
"2395",2022-04-20,0,0,0,0,4,2022
"2396",2022-04-21,0,0,0,0,4,2022
"2397",2022-04-22,1,1,0,0,4,2022
"2398",2022-04-23,1,1,0,0,4,2022
"2399",2022-04-24,0,0,0,0,4,2022
"2400",2022-04-25,1,0,0,1,4,2022
"2401",2022-04-26,0,0,0,0,4,2022
"2402",2022-04-27,0,0,0,0,4,2022
"2403",2022-04-28,0,0,0,0,4,2022
"2404",2022-04-29,0,0,0,0,4,2022
"2405",2022-04-30,0,0,0,0,4,2022
"2406",2022-05-01,0,0,0,0,5,2022
"2407",2022-05-02,0,0,0,0,5,2022
"2408",2022-05-03,0,0,0,0,5,2022
"2409",2022-05-04,1,1,0,0,5,2022
"2410",2022-05-05,1,1,0,0,5,2022
"2411",2022-05-06,0,0,0,0,5,2022
"2412",2022-05-07,0,0,0,0,5,2022
"2413",2022-05-08,0,0,0,0,5,2022
"2414",2022-05-09,1,1,0,0,5,2022
"2415",2022-05-10,0,0,0,0,5,2022
"2416",2022-05-11,0,0,0,0,5,2022
"2417",2022-05-12,0,0,0,0,5,2022
"2418",2022-05-13,0,0,0,0,5,2022
"2419",2022-05-14,0,0,0,0,5,2022
"2420",2022-05-15,0,0,0,0,5,2022
"2421",2022-05-16,0,0,0,0,5,2022
"2422",2022-05-17,0,0,0,0,5,2022
"2423",2022-05-18,0,0,0,0,5,2022
"2424",2022-05-19,0,0,0,0,5,2022
"2425",2022-05-20,0,0,0,0,5,2022
"2426",2022-05-21,0,0,0,0,5,2022
"2427",2022-05-22,0,0,0,0,5,2022
"2428",2022-05-23,0,0,0,0,5,2022
"2429",2022-05-24,0,0,0,0,5,2022
"2430",2022-05-25,0,0,0,0,5,2022
"2431",2022-05-26,1,1,0,1,5,2022
"2432",2022-05-27,1,1,0,1,5,2022
"2433",2022-05-28,1,1,0,0,5,2022
"2434",2022-05-29,0,0,0,0,5,2022
"2435",2022-05-30,0,0,0,0,5,2022
"2436",2022-05-31,0,0,0,0,5,2022
"2437",2022-06-01,0,0,0,0,6,2022
"2438",2022-06-02,0,0,0,0,6,2022
"2439",2022-06-03,0,0,0,0,6,2022
"2440",2022-06-04,0,0,0,0,6,2022
"2441",2022-06-05,0,0,0,0,6,2022
"2442",2022-06-06,0,0,0,0,6,2022
"2443",2022-06-07,0,0,0,0,6,2022
"2444",2022-06-08,1,1,0,0,6,2022
"2445",2022-06-09,0,0,0,0,6,2022
"2446",2022-06-10,0,0,0,0,6,2022
"2447",2022-06-11,0,0,0,0,6,2022
"2448",2022-06-12,1,1,0,0,6,2022
"2449",2022-06-13,0,0,0,0,6,2022
"2450",2022-06-14,0,0,0,0,6,2022
"2451",2022-06-15,0,0,0,0,6,2022
"2452",2022-06-16,0,0,0,0,6,2022
"2453",2022-06-17,0,0,0,0,6,2022
"2454",2022-06-18,0,0,0,0,6,2022
"2455",2022-06-19,0,0,0,0,6,2022
"2456",2022-06-20,0,0,0,0,6,2022
"2457",2022-06-21,0,0,0,0,6,2022
"2458",2022-06-22,1,0,0,1,6,2022
"2459",2022-06-23,1,0,0,1,6,2022
"2460",2022-06-24,1,0,0,1,6,2022
"2461",2022-06-25,1,1,0,0,6,2022
"2462",2022-06-26,1,1,0,1,6,2022
"2463",2022-06-27,0,0,0,0,6,2022
"2464",2022-06-28,0,0,0,0,6,2022
"2465",2022-06-29,0,0,0,0,6,2022
"2466",2022-06-30,0,0,0,0,6,2022
"2467",2022-07-01,0,0,0,0,7,2022
"2468",2022-07-08,0,0,0,0,7,2022
"2469",2022-07-09,0,0,0,0,7,2022
"2470",2022-07-10,0,0,0,0,7,2022
"2471",2022-07-11,1,0,0,1,7,2022
"2472",2022-07-12,1,0,0,1,7,2022
"2473",2022-07-13,1,1,0,0,7,2022
"2474",2022-07-14,1,1,0,0,7,2022
"2475",2022-07-15,0,0,0,0,7,2022
"2476",2022-07-16,0,0,0,0,7,2022
"2477",2022-07-17,0,0,0,0,7,2022
"2478",2022-07-18,1,1,0,1,7,2022
"2479",2022-07-19,0,0,0,0,7,2022
"2480",2022-07-20,0,0,0,0,7,2022
"2481",2022-07-21,0,0,0,0,7,2022
"2482",2022-07-22,0,0,0,0,7,2022
"2483",2022-07-23,0,0,0,0,7,2022
"2484",2022-07-24,1,1,0,0,7,2022
"2485",2022-07-25,1,1,0,1,7,2022
"2486",2022-07-26,0,0,0,0,7,2022
"2487",2022-07-27,0,0,0,0,7,2022
"2488",2022-07-28,0,0,0,0,7,2022
"2489",2022-07-29,0,0,0,0,7,2022
"2490",2022-07-30,1,1,0,0,7,2022
"2491",2022-07-31,0,0,0,0,7,2022
